site,species,treat_combi,vital_rate,N_size,slope,intercept,se.intercept,se.slope,sigma,r_mean,r_sd,treat_warm,treat_comp,L,U
hi,brapin,bare.ambi,survival,234,38.96674290710507,251.88314177538143,190011.34754442083,29333.957724736752,NA,NA,NA,ambi,bare,-4.3244803348408345,2.3344876927490406
hi,brapin,bare.ambi,size_t1_log,114,0.8964543209936721,0.03427891311152875,0.12208704802305194,0.07899662030616675,0.5903421478513557,NA,NA,ambi,bare,-4.3244803348408345,2.3344876927490406
hi,brapin,bare.ambi,flower_status,349,1.644819574641147,-1.2147139711674297,0.3038770743429712,0.3199658438429435,NA,NA,NA,ambi,bare,-4.3244803348408345,2.3344876927490406
hi,brapin,bare.ambi,number_seeds,44,1.4664216679355526,0.8240208777757905,0.24295621649637458,0.12406534314941751,NA,NA,NA,ambi,bare,-4.3244803348408345,2.3344876927490406
hi,brapin,bare.ambi,germ_rate,180,NA,-1.3847696097402384,0.11120636468930105,NA,NA,NA,NA,ambi,bare,-4.3244803348408345,2.3344876927490406
hi,brapin,bare.ambi,establishment,175,NA,0.2875177762011843,0.26052864503425044,NA,NA,NA,NA,ambi,bare,-4.3244803348408345,2.3344876927490406
hi,brapin,bare.ambi,recruit_size,208,NA,NA,NA,NA,NA,-3.2039835329262294,0.9945428623383424,ambi,bare,-4.3244803348408345,2.3344876927490406
hi,brapin,bare.warm,survival,234,2.0437288654057397,8.961290880789278,3.4616450497119593,0.9938544140548802,NA,NA,NA,warm,bare,-5.865164751859831,2.292137353940512
hi,brapin,bare.warm,size_t1_log,114,0.8964543209936721,-0.3172438850402055,0.1320656842478839,0.07899662030616675,0.5903421478513557,NA,NA,warm,bare,-5.865164751859831,2.292137353940512
hi,brapin,bare.warm,flower_status,349,3.5765947180560067,-3.5548949446732645,0.979151266288103,0.9800885546045587,NA,NA,NA,warm,bare,-5.865164751859831,2.292137353940512
hi,brapin,bare.warm,number_seeds,44,1.4664216679355526,-0.37240533214767213,0.2846173075329296,0.12406534314941751,NA,NA,NA,warm,bare,-5.865164751859831,2.292137353940512
hi,brapin,bare.warm,germ_rate,180,NA,-1.3847696097402384,0.11120636468930105,NA,NA,NA,NA,warm,bare,-5.865164751859831,2.292137353940512
hi,brapin,bare.warm,establishment,175,NA,-1.6000508804091809,0.3402778501626636,NA,NA,NA,NA,warm,bare,-5.865164751859831,2.292137353940512
hi,brapin,bare.warm,recruit_size,208,NA,NA,NA,NA,NA,-3.2039835329262294,0.9945428623383424,warm,bare,-5.865164751859831,2.292137353940512
hi,brapin,vege.ambi,survival,234,38.96674290710507,255.22491257871192,190011.34753156806,29333.957724736752,NA,NA,NA,ambi,vege,-8.289306334778564,-0.665448486806432
hi,brapin,vege.ambi,size_t1_log,114,0.8964543209936721,0.5058645379728213,0.24481595119655924,0.07899662030616675,0.5903421478513557,NA,NA,ambi,vege,-8.289306334778564,-0.665448486806432
hi,brapin,vege.ambi,flower_status,349,1.644819574641147,-1.2147139711674297,0.3038770743429712,0.3199658438429435,NA,NA,NA,ambi,vege,-8.289306334778564,-0.665448486806432
hi,brapin,vege.ambi,number_seeds,44,1.4664216679355526,0.8240208777757905,0.24295621649637458,0.12406534314941751,NA,NA,NA,ambi,vege,-8.289306334778564,-0.665448486806432
hi,brapin,vege.ambi,germ_rate,180,NA,-1.9046461109634745,0.13234173903982901,NA,NA,NA,NA,ambi,vege,-8.289306334778564,-0.665448486806432
hi,brapin,vege.ambi,establishment,175,NA,1.362148545019825,0.3494251157386376,NA,NA,NA,NA,ambi,vege,-8.289306334778564,-0.665448486806432
hi,brapin,vege.ambi,recruit_size,208,NA,NA,NA,NA,NA,-3.2039835329262294,0.9945428623383424,ambi,vege,-8.289306334778564,-0.665448486806432
hi,brapin,vege.warm,survival,234,2.0437288654057397,12.303061684119763,4.535287950782342,0.9938544140548802,NA,NA,NA,warm,vege,-5.2903222756208805,0.04525613766429274
hi,brapin,vege.warm,size_t1_log,114,0.8964543209936721,0.15434173982108707,0.22584574454620512,0.07899662030616675,0.5903421478513557,NA,NA,warm,vege,-5.2903222756208805,0.04525613766429274
hi,brapin,vege.warm,flower_status,349,3.5765947180560067,-3.5548949446732645,0.979151266288103,0.9800885546045587,NA,NA,NA,warm,vege,-5.2903222756208805,0.04525613766429274
hi,brapin,vege.warm,number_seeds,44,1.4664216679355526,-0.37240533214767213,0.2846173075329296,0.12406534314941751,NA,NA,NA,warm,vege,-5.2903222756208805,0.04525613766429274
hi,brapin,vege.warm,germ_rate,180,NA,-1.9046461109634745,0.13234173903982901,NA,NA,NA,NA,warm,vege,-5.2903222756208805,0.04525613766429274
hi,brapin,vege.warm,establishment,175,NA,-0.5254201115905401,0.330757546716632,NA,NA,NA,NA,warm,vege,-5.2903222756208805,0.04525613766429274
hi,brapin,vege.warm,recruit_size,208,NA,NA,NA,NA,NA,-3.2039835329262294,0.9945428623383424,warm,vege,-5.2903222756208805,0.04525613766429274
hi,broere,bare.ambi,survival,231,0.8910823912354627,4.897238116848741,1.1729203179553624,0.3946466782643442,NA,NA,NA,ambi,bare,-5.015478791024817,2.910011858501648
hi,broere,bare.ambi,size_t1_log,116,0.566520807741361,0.948651853107031,0.1557935422205203,0.08668502395984795,0.5491414495271854,NA,NA,ambi,bare,-5.015478791024817,2.910011858501648
hi,broere,bare.ambi,flower_status,347,2.8838439629216546,-3.0486872507035567,0.618751047231379,0.4347150609648199,NA,NA,NA,ambi,bare,-5.015478791024817,2.910011858501648
hi,broere,bare.ambi,number_seeds,85,1.3811395091806613,1.092040874664802,0.20687737913108453,0.055607145637517556,NA,NA,NA,ambi,bare,-5.015478791024817,2.910011858501648
hi,broere,bare.ambi,germ_rate,160,NA,-0.7659817439813134,0.28829066240109535,NA,NA,NA,NA,ambi,bare,-5.015478791024817,2.910011858501648
hi,broere,bare.ambi,establishment,151,NA,-0.45164308715017715,0.26493845879236566,NA,NA,NA,NA,ambi,bare,-5.015478791024817,2.910011858501648
hi,broere,bare.ambi,recruit_size,224,NA,NA,NA,NA,NA,-2.927731647678922,0.8695725682001418,ambi,bare,-5.015478791024817,2.910011858501648
hi,broere,bare.warm,survival,231,0.8910823912354627,4.897238116848741,1.1729203179553624,0.3946466782643442,NA,NA,NA,warm,bare,-4.32357108091301,2.627639068158608
hi,broere,bare.warm,size_t1_log,116,0.9715755122696783,0.412415560190459,0.1483582651265174,0.08978419401598926,0.5491414495271854,NA,NA,warm,bare,-4.32357108091301,2.627639068158608
hi,broere,bare.warm,flower_status,347,2.8838439629216546,-1.8234423110572382,0.5739247088532069,0.4347150609648199,NA,NA,NA,warm,bare,-4.32357108091301,2.627639068158608
hi,broere,bare.warm,number_seeds,85,1.1766257825595732,1.3272474101711211,0.21826599221004844,0.06535292264397256,NA,NA,NA,warm,bare,-4.32357108091301,2.627639068158608
hi,broere,bare.warm,germ_rate,160,NA,-0.5326770577798051,0.2822275344572026,NA,NA,NA,NA,warm,bare,-4.32357108091301,2.627639068158608
hi,broere,bare.warm,establishment,151,NA,-1.472399626822673,0.3049688951291663,NA,NA,NA,NA,warm,bare,-4.32357108091301,2.627639068158608
hi,broere,bare.warm,recruit_size,224,NA,NA,NA,NA,NA,-2.927731647678922,0.8695725682001418,warm,bare,-4.32357108091301,2.627639068158608
hi,broere,vege.ambi,survival,231,0.8910823912354627,23.92955608207367,2586.405572117604,0.3946466782643442,NA,NA,NA,ambi,vege,-4.904226230654358,0.33766684749497167
hi,broere,vege.ambi,size_t1_log,116,0.566520807741361,0.05421045929913881,0.22490633311434768,0.08668502395984795,0.5491414495271854,NA,NA,ambi,vege,-4.904226230654358,0.33766684749497167
hi,broere,vege.ambi,flower_status,347,2.8838439629216546,-0.997008321000695,0.5709066637581856,0.4347150609648199,NA,NA,NA,ambi,vege,-4.904226230654358,0.33766684749497167
hi,broere,vege.ambi,number_seeds,85,1.3811395091806613,2.2467943139279267,0.23701085754756218,0.055607145637517556,NA,NA,NA,ambi,vege,-4.904226230654358,0.33766684749497167
hi,broere,vege.ambi,germ_rate,160,NA,-1.11491298491717,0.28349081986543356,NA,NA,NA,NA,ambi,vege,-4.904226230654358,0.33766684749497167
hi,broere,vege.ambi,establishment,151,NA,-0.3358658462004648,0.2914182609902306,NA,NA,NA,NA,ambi,vege,-4.904226230654358,0.33766684749497167
hi,broere,vege.ambi,recruit_size,224,NA,NA,NA,NA,NA,-2.927731647678922,0.8695725682001418,ambi,vege,-4.904226230654358,0.33766684749497167
hi,broere,vege.warm,survival,231,0.8910823912354627,23.92955608207367,2586.405572117604,0.3946466782643442,NA,NA,NA,warm,vege,-7.041641409770663,0.7020953709549514
hi,broere,vege.warm,size_t1_log,116,0.9715755122696783,0.64222893125508,0.19466098658201303,0.08978419401598926,0.5491414495271854,NA,NA,warm,vege,-7.041641409770663,0.7020953709549514
hi,broere,vege.warm,flower_status,347,2.8838439629216546,0.2282366186456235,0.5544488653496322,0.4347150609648199,NA,NA,NA,warm,vege,-7.041641409770663,0.7020953709549514
hi,broere,vege.warm,number_seeds,85,1.1766257825595732,2.482000849434246,0.2263798600764285,0.06535292264397256,NA,NA,NA,warm,vege,-7.041641409770663,0.7020953709549514
hi,broere,vege.warm,germ_rate,160,NA,-0.8816082987156616,0.2851028268988465,NA,NA,NA,NA,warm,vege,-7.041641409770663,0.7020953709549514
hi,broere,vege.warm,establishment,151,NA,-0.05237398283787742,0.2560913858186291,NA,NA,NA,NA,warm,vege,-7.041641409770663,0.7020953709549514
hi,broere,vege.warm,recruit_size,224,NA,NA,NA,NA,NA,-2.927731647678922,0.8695725682001418,warm,vege,-7.041641409770663,0.7020953709549514
hi,cenjac,bare.ambi,survival,236,NA,3.4878118544891583,0.3836969159404106,NA,NA,NA,NA,ambi,bare,-5.003028450004179,3.1440121454851226
hi,cenjac,bare.ambi,size_t1_log,111,1.3370760022672241,-1.6104528262121849,0.28908821096479753,0.18042136260383798,0.8201603275697121,NA,NA,ambi,bare,-5.003028450004179,3.1440121454851226
hi,cenjac,bare.ambi,flower_status,349,3.6948230022550423,2.830971052411892,0.668337038628287,0.4688993679154896,NA,NA,NA,ambi,bare,-5.003028450004179,3.1440121454851226
hi,cenjac,bare.ambi,number_seeds,153,0.7812704971248405,4.514792772550187,0.07798356154956455,0.012891876529692951,NA,NA,NA,ambi,bare,-5.003028450004179,3.1440121454851226
hi,cenjac,bare.ambi,germ_rate,163,NA,-0.947006787104345,0.07979042782387502,NA,NA,NA,NA,ambi,bare,-5.003028450004179,3.1440121454851226
hi,cenjac,bare.ambi,establishment,162,NA,0.3836635614193518,0.22474210486537985,NA,NA,NA,NA,ambi,bare,-5.003028450004179,3.1440121454851226
hi,cenjac,bare.ambi,recruit_size,232,NA,NA,NA,NA,NA,-2.9481542399236655,1.0444064418742667,ambi,bare,-5.003028450004179,3.1440121454851226
hi,cenjac,bare.warm,survival,236,NA,3.4878118544891583,0.3836969159404106,NA,NA,NA,NA,warm,bare,-5.209862232117596,2.7953279873351544
hi,cenjac,bare.warm,size_t1_log,111,0.8763077066596653,-0.7738258044668125,0.2660622918287607,0.18040706519539945,0.8201603275697121,NA,NA,warm,bare,-5.209862232117596,2.7953279873351544
hi,cenjac,bare.warm,flower_status,349,3.6948230022550423,1.106320471034639,0.6266793413729719,0.4688993679154896,NA,NA,NA,warm,bare,-5.209862232117596,2.7953279873351544
hi,cenjac,bare.warm,number_seeds,153,0.7753754073561983,4.348895879040654,0.07860439800870939,0.015699448107570516,NA,NA,NA,warm,bare,-5.209862232117596,2.7953279873351544
hi,cenjac,bare.warm,germ_rate,163,NA,-0.947006787104345,0.07979042782387502,NA,NA,NA,NA,warm,bare,-5.209862232117596,2.7953279873351544
hi,cenjac,bare.warm,establishment,162,NA,0.3836635614193518,0.22474210486537985,NA,NA,NA,NA,warm,bare,-5.209862232117596,2.7953279873351544
hi,cenjac,bare.warm,recruit_size,232,NA,NA,NA,NA,NA,-2.9481542399236655,1.0444064418742667,warm,bare,-5.209862232117596,2.7953279873351544
hi,cenjac,vege.ambi,survival,236,NA,3.4878118544891583,0.3836969159404106,NA,NA,NA,NA,ambi,vege,-6.1453406688184975,-0.1917887258592556
hi,cenjac,vege.ambi,size_t1_log,111,0.631797659879975,-0.476001636230986,0.27731713712834877,0.09824970039751349,0.8201603275697121,NA,NA,ambi,vege,-6.1453406688184975,-0.1917887258592556
hi,cenjac,vege.ambi,flower_status,349,3.6948230022550423,4.956136483872328,0.7949034555677724,0.4688993679154896,NA,NA,NA,ambi,vege,-6.1453406688184975,-0.1917887258592556
hi,cenjac,vege.ambi,number_seeds,153,0.421171239745472,3.268097418961619,0.12923807454546818,0.11216347051988605,NA,NA,NA,ambi,vege,-6.1453406688184975,-0.1917887258592556
hi,cenjac,vege.ambi,germ_rate,163,NA,-1.3209712184914546,0.08632593711016003,NA,NA,NA,NA,ambi,vege,-6.1453406688184975,-0.1917887258592556
hi,cenjac,vege.ambi,establishment,162,NA,0.8301254953328288,0.24813155101694345,NA,NA,NA,NA,ambi,vege,-6.1453406688184975,-0.1917887258592556
hi,cenjac,vege.ambi,recruit_size,232,NA,NA,NA,NA,NA,-2.9481542399236655,1.0444064418742667,ambi,vege,-6.1453406688184975,-0.1917887258592556
hi,cenjac,vege.warm,survival,236,NA,3.4878118544891583,0.3836969159404106,NA,NA,NA,NA,warm,vege,-6.052890349969364,0.1537381366126745
hi,cenjac,vege.warm,size_t1_log,111,0.17102936427241622,-1.9832131894665777,0.2911969845761996,0.1460522801548484,0.8201603275697121,NA,NA,warm,vege,-6.052890349969364,0.1537381366126745
hi,cenjac,vege.warm,flower_status,349,3.6948230022550423,6.273886289679973,0.9439241554064994,0.4688993679154896,NA,NA,NA,warm,vege,-6.052890349969364,0.1537381366126745
hi,cenjac,vege.warm,number_seeds,153,-0.0708173179393,2.8055175294900785,0.12311005429670599,0.07641006764516747,NA,NA,NA,warm,vege,-6.052890349969364,0.1537381366126745
hi,cenjac,vege.warm,germ_rate,163,NA,-1.3209712184914546,0.08632593711016003,NA,NA,NA,NA,warm,vege,-6.052890349969364,0.1537381366126745
hi,cenjac,vege.warm,establishment,162,NA,0.8301254953328288,0.24813155101694345,NA,NA,NA,NA,warm,vege,-6.052890349969364,0.1537381366126745
hi,cenjac,vege.warm,recruit_size,232,NA,NA,NA,NA,NA,-2.9481542399236655,1.0444064418742667,warm,vege,-6.052890349969364,0.1537381366126745
hi,daucar,bare.ambi,survival,199,NA,-0.6591377996163504,0.23456440277720955,NA,NA,NA,NA,ambi,bare,-6.534688003239362,3.46744925991716
hi,daucar,bare.ambi,size_t1_log,35,0.25002910810320783,-1.9089854197198985,0.29156498790484,0.12034629478148462,1.0606775163767317,NA,NA,ambi,bare,-6.534688003239362,3.46744925991716
hi,daucar,bare.ambi,flower_status,234,1.3696261438624964,-0.6115831028934327,0.4404062419290914,0.277965470164796,NA,NA,NA,ambi,bare,-6.534688003239362,3.46744925991716
hi,daucar,bare.ambi,number_seeds,41,0.6019171315231363,6.708785590611084,0.13233317030504,0.00809047952847234,NA,NA,NA,ambi,bare,-6.534688003239362,3.46744925991716
hi,daucar,bare.ambi,germ_rate,159,NA,-1.1763823028958174,0.1371973271272317,NA,NA,NA,NA,ambi,bare,-6.534688003239362,3.46744925991716
hi,daucar,bare.ambi,establishment,157,NA,-1.5323088791521173,0.3928912808582007,NA,NA,NA,NA,ambi,bare,-6.534688003239362,3.46744925991716
hi,daucar,bare.ambi,recruit_size,235,NA,NA,NA,NA,NA,-2.5299558062830174,1.5264730635407098,ambi,bare,-6.534688003239362,3.46744925991716
hi,daucar,bare.warm,survival,199,NA,-0.6591377996163504,0.23456440277720955,NA,NA,NA,NA,warm,bare,-5.200252342976913,2.7750499634217003
hi,daucar,bare.warm,size_t1_log,35,0.25002910810320783,-2.618589609776901,0.3400548865850021,0.12034629478148462,1.0606775163767317,NA,NA,warm,bare,-5.200252342976913,2.7750499634217003
hi,daucar,bare.warm,flower_status,234,2.511537540181104,0.03606050768482294,0.6804786046827441,0.5191718157342575,NA,NA,NA,warm,bare,-5.200252342976913,2.7750499634217003
hi,daucar,bare.warm,number_seeds,41,0.362679216008687,6.867396117086243,0.13262372030073966,0.013421207268348313,NA,NA,NA,warm,bare,-5.200252342976913,2.7750499634217003
hi,daucar,bare.warm,germ_rate,159,NA,-0.942569708739752,0.1325009317862562,NA,NA,NA,NA,warm,bare,-5.200252342976913,2.7750499634217003
hi,daucar,bare.warm,establishment,157,NA,-1.7801434679875188,0.3736248461984796,NA,NA,NA,NA,warm,bare,-5.200252342976913,2.7750499634217003
hi,daucar,bare.warm,recruit_size,235,NA,NA,NA,NA,NA,-2.5299558062830174,1.5264730635407098,warm,bare,-5.200252342976913,2.7750499634217003
hi,daucar,vege.ambi,survival,199,NA,1.1566023128808554,0.21840030065716615,NA,NA,NA,NA,ambi,vege,-7.041641409770663,0.6161507120840275
hi,daucar,vege.ambi,size_t1_log,35,0.25002910810320783,-1.9089854197198985,0.29156498790484,0.12034629478148462,1.0606775163767317,NA,NA,ambi,vege,-7.041641409770663,0.6161507120840275
hi,daucar,vege.ambi,flower_status,234,1.3696261438624964,1.0768543957630488,0.5307190316124692,0.277965470164796,NA,NA,NA,ambi,vege,-7.041641409770663,0.6161507120840275
hi,daucar,vege.ambi,number_seeds,41,0.2927091726600143,5.475939378528292,0.13342156200345875,0.022626102805072955,NA,NA,NA,ambi,vege,-7.041641409770663,0.6161507120840275
hi,daucar,vege.ambi,germ_rate,159,NA,-1.0693439775511515,0.13563560298935284,NA,NA,NA,NA,ambi,vege,-7.041641409770663,0.6161507120840275
hi,daucar,vege.ambi,establishment,157,NA,0.2880801184134618,0.34131197328731316,NA,NA,NA,NA,ambi,vege,-7.041641409770663,0.6161507120840275
hi,daucar,vege.ambi,recruit_size,235,NA,NA,NA,NA,NA,-2.5299558062830174,1.5264730635407098,ambi,vege,-7.041641409770663,0.6161507120840275
hi,daucar,vege.warm,survival,199,NA,1.1566023128808554,0.21840030065716615,NA,NA,NA,NA,warm,vege,-8.289306334778564,0.2860575426254516
hi,daucar,vege.warm,size_t1_log,35,0.25002910810320783,-2.618589609776901,0.3400548865850021,0.12034629478148462,1.0606775163767317,NA,NA,warm,vege,-8.289306334778564,0.2860575426254516
hi,daucar,vege.warm,flower_status,234,2.511537540181104,1.7244980063413045,0.7494125741382803,0.5191718157342575,NA,NA,NA,warm,vege,-8.289306334778564,0.2860575426254516
hi,daucar,vege.warm,number_seeds,41,-0.1380811006665148,5.547083031078872,0.13660079031417027,0.0345876912411089,NA,NA,NA,warm,vege,-8.289306334778564,0.2860575426254516
hi,daucar,vege.warm,germ_rate,159,NA,-1.4551299819218209,0.14448936938921883,NA,NA,NA,NA,warm,vege,-8.289306334778564,0.2860575426254516
hi,daucar,vege.warm,establishment,157,NA,-0.7774311200638515,0.37746782208949536,NA,NA,NA,NA,warm,vege,-8.289306334778564,0.2860575426254516
hi,daucar,vege.warm,recruit_size,235,NA,NA,NA,NA,NA,-2.5299558062830174,1.5264730635407098,warm,vege,-8.289306334778564,0.2860575426254516
hi,hypper,bare.ambi,survival,236,NA,2.5076108755849607,0.5596865149104464,NA,NA,NA,NA,ambi,bare,-5.2282286912826255,3.307339434951558
hi,hypper,bare.ambi,size_t1_log,107,1.5967266897153318,-1.4443174176144076,0.3162894614308243,0.16566653673541049,0.7246103381614558,NA,NA,ambi,bare,-5.2282286912826255,3.307339434951558
hi,hypper,bare.ambi,flower_status,344,2.9351920394070965,-0.7321069968298168,0.478162001554413,0.4058930184024181,NA,NA,NA,ambi,bare,-5.2282286912826255,3.307339434951558
hi,hypper,bare.ambi,number_seeds,83,1.4423485667074418,5.09621279056252,0.1409145235104924,0.005860477243482579,NA,NA,NA,ambi,bare,-5.2282286912826255,3.307339434951558
hi,hypper,bare.ambi,germ_rate,57,NA,-3.865979066926109,0.25260409787294313,NA,NA,NA,NA,ambi,bare,-5.2282286912826255,3.307339434951558
hi,hypper,bare.ambi,establishment,49,NA,-1.1939224672096767,0.3609684767965023,NA,NA,NA,NA,ambi,bare,-5.2282286912826255,3.307339434951558
hi,hypper,bare.ambi,recruit_size,202,NA,NA,NA,NA,NA,-3.5479282833167405,0.7572952265462148,ambi,bare,-5.2282286912826255,3.307339434951558
hi,hypper,bare.warm,survival,236,NA,2.5076108755849607,0.5596865149104464,NA,NA,NA,NA,warm,bare,-3.9378990256927264,2.809852776844376
hi,hypper,bare.warm,size_t1_log,107,1.4526053948237685,-1.8929181127501258,0.312483467963264,0.16291337236636413,0.7246103381614558,NA,NA,warm,bare,-3.9378990256927264,2.809852776844376
hi,hypper,bare.warm,flower_status,344,2.9351920394070965,-3.291982046334062,0.5950965067705233,0.4058930184024181,NA,NA,NA,warm,bare,-3.9378990256927264,2.809852776844376
hi,hypper,bare.warm,number_seeds,83,1.2418944923484463,5.578325417094368,0.1420176694906037,0.011009796862326268,NA,NA,NA,warm,bare,-3.9378990256927264,2.809852776844376
hi,hypper,bare.warm,germ_rate,57,NA,-3.865979066926109,0.25260409787294313,NA,NA,NA,NA,warm,bare,-3.9378990256927264,2.809852776844376
hi,hypper,bare.warm,establishment,49,NA,-1.1939224672096767,0.3609684767965023,NA,NA,NA,NA,warm,bare,-3.9378990256927264,2.809852776844376
hi,hypper,bare.warm,recruit_size,202,NA,NA,NA,NA,NA,-3.5479282833167405,0.7572952265462148,warm,bare,-3.9378990256927264,2.809852776844376
hi,hypper,vege.ambi,survival,236,NA,21.960401139225567,2558.9402836133386,NA,NA,NA,NA,ambi,vege,-5.313871904282265,-0.06572500484635146
hi,hypper,vege.ambi,size_t1_log,107,0.9902687605299084,0.31468581872250323,0.32162594949887446,0.1169747428177114,0.7246103381614558,NA,NA,ambi,vege,-5.313871904282265,-0.06572500484635146
hi,hypper,vege.ambi,flower_status,344,2.9351920394070965,3.509576789770122,0.7536129536568668,0.4058930184024181,NA,NA,NA,ambi,vege,-5.313871904282265,-0.06572500484635146
hi,hypper,vege.ambi,number_seeds,83,1.2533896426033353,6.608331766611341,0.15313260804498408,0.0598007632154094,NA,NA,NA,ambi,vege,-5.313871904282265,-0.06572500484635146
hi,hypper,vege.ambi,germ_rate,57,NA,-3.2188758057853066,0.19624293414209407,NA,NA,NA,NA,ambi,vege,-5.313871904282265,-0.06572500484635146
hi,hypper,vege.ambi,establishment,49,NA,-1.1939224672096767,0.3609684767965023,NA,NA,NA,NA,ambi,vege,-5.313871904282265,-0.06572500484635146
hi,hypper,vege.ambi,recruit_size,202,NA,NA,NA,NA,NA,-3.5479282833167405,0.7572952265462148,ambi,vege,-5.313871904282265,-0.06572500484635146
hi,hypper,vege.warm,survival,236,NA,21.960401139225567,2558.9402836133386,NA,NA,NA,NA,warm,vege,-4.1485892828882385,-0.6977436343229582
hi,hypper,vege.warm,size_t1_log,107,0.8461474656383452,-0.13391487641321498,0.31864487373883055,0.11801977028300858,0.7246103381614558,NA,NA,warm,vege,-4.1485892828882385,-0.6977436343229582
hi,hypper,vege.warm,flower_status,344,2.9351920394070965,0.9497017402658772,0.6704127421202374,0.4058930184024181,NA,NA,NA,warm,vege,-4.1485892828882385,-0.6977436343229582
hi,hypper,vege.warm,number_seeds,83,1.0529355682443398,6.429268103981252,0.1787110250173421,0.061577811854884035,NA,NA,NA,warm,vege,-4.1485892828882385,-0.6977436343229582
hi,hypper,vege.warm,germ_rate,57,NA,-3.2188758057853066,0.19624293414209407,NA,NA,NA,NA,warm,vege,-4.1485892828882385,-0.6977436343229582
hi,hypper,vege.warm,establishment,49,NA,-1.1939224672096767,0.3609684767965023,NA,NA,NA,NA,warm,vege,-4.1485892828882385,-0.6977436343229582
hi,hypper,vege.warm,recruit_size,202,NA,NA,NA,NA,NA,-3.5479282833167405,0.7572952265462148,warm,vege,-4.1485892828882385,-0.6977436343229582
hi,medlup,bare.ambi,survival,178,0.5094681803170168,0.9649089124907143,0.31851030606866637,0.11741568138368293,NA,NA,NA,ambi,bare,-4.950551500300376,0.808818303814006
hi,medlup,bare.ambi,size_t1_log,14,4.12945182677592,-1.6718417536425692,0.3477273759433261,0.26971240810799024,1.177925279739415e-7,NA,NA,ambi,bare,-4.950551500300376,0.808818303814006
hi,medlup,bare.ambi,flower_status,193,0.8919482044569105,1.8201367783331666,0.3556559714191402,0.14099979087618156,NA,NA,NA,ambi,bare,-4.950551500300376,0.808818303814006
hi,medlup,bare.ambi,number_seeds,82,1.0037978740032123,6.342465035710863,0.12809688003379546,0.015619206555899105,NA,NA,NA,ambi,bare,-4.950551500300376,0.808818303814006
hi,medlup,bare.ambi,germ_rate,161,NA,-1.2719775333885275,0.08889816194156153,NA,NA,NA,NA,ambi,bare,-4.950551500300376,0.808818303814006
hi,medlup,bare.ambi,establishment,161,NA,1.239645595203563,0.3739933625346567,NA,NA,NA,NA,ambi,bare,-4.950551500300376,0.808818303814006
hi,medlup,bare.ambi,recruit_size,230,NA,NA,NA,NA,NA,-3.905880469767414,0.9972040010485738,ambi,bare,-4.950551500300376,0.808818303814006
hi,medlup,bare.warm,survival,178,0.5094681803170168,0.9649089124907143,0.31851030606866637,0.11741568138368293,NA,NA,NA,warm,bare,-5.138661768357698,0.28841019029152776
hi,medlup,bare.warm,size_t1_log,14,2.025700267983259,-0.2716421120184689,0.39017506097893506,0.2700234340948493,1.177925279739415e-7,NA,NA,warm,bare,-5.138661768357698,0.28841019029152776
hi,medlup,bare.warm,flower_status,193,0.8919482044569105,1.8201367783331666,0.3556559714191402,0.14099979087618156,NA,NA,NA,warm,bare,-5.138661768357698,0.28841019029152776
hi,medlup,bare.warm,number_seeds,82,1.0084427881395839,6.275222709716372,0.129294536967216,0.019848135159411327,NA,NA,NA,warm,bare,-5.138661768357698,0.28841019029152776
hi,medlup,bare.warm,germ_rate,161,NA,-1.2719775333885275,0.08889816194156153,NA,NA,NA,NA,warm,bare,-5.138661768357698,0.28841019029152776
hi,medlup,bare.warm,establishment,161,NA,-0.15391438816651948,0.3527028186533159,NA,NA,NA,NA,warm,bare,-5.138661768357698,0.28841019029152776
hi,medlup,bare.warm,recruit_size,230,NA,NA,NA,NA,NA,-3.905880469767414,0.9972040010485738,warm,bare,-5.138661768357698,0.28841019029152776
hi,medlup,vege.ambi,survival,178,0.5094681803170168,0.9649089124907143,0.31851030606866637,0.11741568138368293,NA,NA,NA,ambi,vege,-6.30377660406956,-1.595645597877499
hi,medlup,vege.ambi,size_t1_log,14,0.6883610297642351,-2.6800917942661773,0.8488991933665975,0.2765925894310773,1.177925279739415e-7,NA,NA,ambi,vege,-6.30377660406956,-1.595645597877499
hi,medlup,vege.ambi,flower_status,193,0.8919482044569105,1.8201367783331666,0.3556559714191402,0.14099979087618156,NA,NA,NA,ambi,vege,-6.30377660406956,-1.595645597877499
hi,medlup,vege.ambi,number_seeds,82,-0.029223940362650414,4.216177354383843,0.6035983287532783,0.2652832125719292,NA,NA,NA,ambi,vege,-6.30377660406956,-1.595645597877499
hi,medlup,vege.ambi,germ_rate,161,NA,-1.6174700834758609,0.09830681532250601,NA,NA,NA,NA,ambi,vege,-6.30377660406956,-1.595645597877499
hi,medlup,vege.ambi,establishment,161,NA,1.06259563707977,0.3774360605457637,NA,NA,NA,NA,ambi,vege,-6.30377660406956,-1.595645597877499
hi,medlup,vege.ambi,recruit_size,230,NA,NA,NA,NA,NA,-3.905880469767414,0.9972040010485738,ambi,vege,-6.30377660406956,-1.595645597877499
hi,medlup,vege.warm,survival,178,0.5094681803170168,0.9649089124907143,0.31851030606866637,0.11741568138368293,NA,NA,NA,warm,vege,-8.289306334778564,-1.6172002044506026
hi,medlup,vege.warm,size_t1_log,14,-1.4153905290284259,-8.153303021746638,0.8555029477892809,0.23340602945934175,1.177925279739415e-7,NA,NA,warm,vege,-8.289306334778564,-1.6172002044506026
hi,medlup,vege.warm,flower_status,193,0.8919482044569105,1.8201367783331666,0.3556559714191402,0.14099979087618156,NA,NA,NA,warm,vege,-8.289306334778564,-1.6172002044506026
hi,medlup,vege.warm,number_seeds,82,0.93633230343281,6.14858448736378,0.2990180713472537,0.09719495876049049,NA,NA,NA,warm,vege,-8.289306334778564,-1.6172002044506026
hi,medlup,vege.warm,germ_rate,161,NA,-1.6174700834758609,0.09830681532250601,NA,NA,NA,NA,warm,vege,-8.289306334778564,-1.6172002044506026
hi,medlup,vege.warm,establishment,161,NA,1.3095713008477836,0.41546731949527715,NA,NA,NA,NA,warm,vege,-8.289306334778564,-1.6172002044506026
hi,medlup,vege.warm,recruit_size,230,NA,NA,NA,NA,NA,-3.905880469767414,0.9972040010485738,warm,vege,-8.289306334778564,-1.6172002044506026
hi,plamed,bare.ambi,survival,239,NA,4.7749129583779535,0.710060747913764,NA,NA,NA,NA,ambi,bare,-6.489015615623628,1.6495853510695833
hi,plamed,bare.ambi,size_t1_log,118,0.9235314704884654,-0.0309931121561138,0.12869979243324806,0.05634188276507937,0.702799497522122,NA,NA,ambi,bare,-6.489015615623628,1.6495853510695833
hi,plamed,bare.ambi,flower_status,357,4.699892088754481,0.31354132841162496,0.3365192727671844,0.6715658537741185,NA,NA,NA,ambi,bare,-6.489015615623628,1.6495853510695833
hi,plamed,bare.ambi,number_seeds,85,0.9029946879193521,4.287706618594247,0.12918292657162445,0.03691815609971806,NA,NA,NA,ambi,bare,-6.489015615623628,1.6495853510695833
hi,plamed,bare.ambi,germ_rate,180,NA,-2.0353282866868425,0.22462845442482532,NA,NA,NA,NA,ambi,bare,-6.489015615623628,1.6495853510695833
hi,plamed,bare.ambi,establishment,179,NA,-1.813369441153904,0.4903595976524765,NA,NA,NA,NA,ambi,bare,-6.489015615623628,1.6495853510695833
hi,plamed,bare.ambi,recruit_size,226,NA,NA,NA,NA,NA,-3.199979987199886,1.7944354485337715,ambi,bare,-6.489015615623628,1.6495853510695833
hi,plamed,bare.warm,survival,239,NA,4.7749129583779535,0.710060747913764,NA,NA,NA,NA,warm,bare,-4.239477631481326,2.131491510138748
hi,plamed,bare.warm,size_t1_log,118,0.7847628205461594,-0.5220898005106013,0.13146594367679404,0.05447015417549492,0.702799497522122,NA,NA,warm,bare,-4.239477631481326,2.131491510138748
hi,plamed,bare.warm,flower_status,357,4.699892088754481,0.31354132841162496,0.3365192727671844,0.6715658537741185,NA,NA,NA,warm,bare,-4.239477631481326,2.131491510138748
hi,plamed,bare.warm,number_seeds,85,0.5156999173543815,4.470281307862918,0.12808393877094865,0.041039983610749654,NA,NA,NA,warm,bare,-4.239477631481326,2.131491510138748
hi,plamed,bare.warm,germ_rate,180,NA,-3.145095122559341,0.25668515325855507,NA,NA,NA,NA,warm,bare,-4.239477631481326,2.131491510138748
hi,plamed,bare.warm,establishment,179,NA,-1.813369441153904,0.4903595976524765,NA,NA,NA,NA,warm,bare,-4.239477631481326,2.131491510138748
hi,plamed,bare.warm,recruit_size,226,NA,NA,NA,NA,NA,-3.199979987199886,1.7944354485337715,warm,bare,-4.239477631481326,2.131491510138748
hi,plamed,vege.ambi,survival,239,NA,4.7749129583779535,0.710060747913764,NA,NA,NA,NA,ambi,vege,-7.665473872274615,0.15030031795649917
hi,plamed,vege.ambi,size_t1_log,118,0.9235314704884654,-0.0309931121561138,0.12869979243324806,0.05634188276507937,0.702799497522122,NA,NA,ambi,vege,-7.665473872274615,0.15030031795649917
hi,plamed,vege.ambi,flower_status,357,4.699892088754481,1.7815187396471646,0.7076588236327648,0.6715658537741185,NA,NA,NA,ambi,vege,-7.665473872274615,0.15030031795649917
hi,plamed,vege.ambi,number_seeds,85,0.6047890880178677,4.335788609341876,0.14571528862826474,0.13182263043860665,NA,NA,NA,ambi,vege,-7.665473872274615,0.15030031795649917
hi,plamed,vege.ambi,germ_rate,180,NA,-2.0467249759759256,0.21415129887924353,NA,NA,NA,NA,ambi,vege,-7.665473872274615,0.15030031795649917
hi,plamed,vege.ambi,establishment,179,NA,-0.26524943969080805,0.39825349814444566,NA,NA,NA,NA,ambi,vege,-7.665473872274615,0.15030031795649917
hi,plamed,vege.ambi,recruit_size,226,NA,NA,NA,NA,NA,-3.199979987199886,1.7944354485337715,ambi,vege,-7.665473872274615,0.15030031795649917
hi,plamed,vege.warm,survival,239,NA,4.7749129583779535,0.710060747913764,NA,NA,NA,NA,warm,vege,-7.665473872274615,-0.04375895701302906
hi,plamed,vege.warm,size_t1_log,118,0.7847628205461594,-0.5220898005106013,0.13146594367679404,0.05447015417549492,0.702799497522122,NA,NA,warm,vege,-7.665473872274615,-0.04375895701302906
hi,plamed,vege.warm,flower_status,357,4.699892088754481,1.7815187396471646,0.7076588236327648,0.6715658537741185,NA,NA,NA,warm,vege,-7.665473872274615,-0.04375895701302906
hi,plamed,vege.warm,number_seeds,85,0.21749431745289693,5.272191390821184,0.17039682869787215,0.14160347372416016,NA,NA,NA,warm,vege,-7.665473872274615,-0.04375895701302906
hi,plamed,vege.warm,germ_rate,180,NA,-2.237960095203198,0.222746800407051,NA,NA,NA,NA,warm,vege,-7.665473872274615,-0.04375895701302906
hi,plamed,vege.warm,establishment,179,NA,-0.26524943969080805,0.39825349814444566,NA,NA,NA,NA,warm,vege,-7.665473872274615,-0.04375895701302906
hi,plamed,vege.warm,recruit_size,226,NA,NA,NA,NA,NA,-3.199979987199886,1.7944354485337715,warm,vege,-7.665473872274615,-0.04375895701302906
hi,salpra,bare.ambi,survival,238,NA,5.0022818126108675,1.3693405711781175,NA,NA,NA,NA,ambi,bare,-4.239477631481326,1.4090272300082707
hi,salpra,bare.ambi,size_t1_log,116,0.578051788124411,0.02176618139658693,0.17521305907389892,0.09242002765929871,0.7673012647966563,NA,NA,ambi,bare,-4.239477631481326,1.4090272300082707
hi,salpra,bare.ambi,flower_status,356,1.3607386121050795,-0.7070053149155653,0.25013310652749654,0.27935378191345717,NA,NA,NA,ambi,bare,-4.239477631481326,1.4090272300082707
hi,salpra,bare.ambi,number_seeds,27,0.3737452979982754,4.399236438136017,0.2653161617138079,0.08521359677872023,NA,NA,NA,ambi,bare,-4.239477631481326,1.4090272300082707
hi,salpra,bare.ambi,germ_rate,157,NA,-2.264035815216277,0.2149105047176243,NA,NA,NA,NA,ambi,bare,-4.239477631481326,1.4090272300082707
hi,salpra,bare.ambi,establishment,157,NA,0.9964857415156367,0.29105980670283693,NA,NA,NA,NA,ambi,bare,-4.239477631481326,1.4090272300082707
hi,salpra,bare.ambi,recruit_size,221,NA,NA,NA,NA,NA,-2.591370914184577,1.1528033203186945,ambi,bare,-4.239477631481326,1.4090272300082707
hi,salpra,bare.warm,survival,238,NA,25.03097025103047,9428.61091054143,NA,NA,NA,NA,warm,bare,-4.786668066479001,1.4361891038576795
hi,salpra,bare.warm,size_t1_log,116,0.578051788124411,-0.06586042554894249,0.1665522028331268,0.09242002765929871,0.7673012647966563,NA,NA,warm,bare,-4.786668066479001,1.4361891038576795
hi,salpra,bare.warm,flower_status,356,1.3607386121050795,-0.7070053149155653,0.25013310652749654,0.27935378191345717,NA,NA,NA,warm,bare,-4.786668066479001,1.4361891038576795
hi,salpra,bare.warm,number_seeds,27,0.004677827254024436,4.27528725061247,0.2675898477246826,0.09381293507388203,NA,NA,NA,warm,bare,-4.786668066479001,1.4361891038576795
hi,salpra,bare.warm,germ_rate,157,NA,-3.114590309826922,0.23990986790523852,NA,NA,NA,NA,warm,bare,-4.786668066479001,1.4361891038576795
hi,salpra,bare.warm,establishment,157,NA,-0.2346638246346482,0.3409506576772485,NA,NA,NA,NA,warm,bare,-4.786668066479001,1.4361891038576795
hi,salpra,bare.warm,recruit_size,221,NA,NA,NA,NA,NA,-2.591370914184577,1.1528033203186945,warm,bare,-4.786668066479001,1.4361891038576795
hi,salpra,vege.ambi,survival,238,NA,5.0022818126108675,1.3693405711781175,NA,NA,NA,NA,ambi,vege,-5.392318092397184,-0.4738612077016997
hi,salpra,vege.ambi,size_t1_log,116,0.578051788124411,-1.6685409578689518,0.31896020639797884,0.09242002765929871,0.7673012647966563,NA,NA,ambi,vege,-5.392318092397184,-0.4738612077016997
hi,salpra,vege.ambi,flower_status,356,1.3607386121050795,-17.106610548300324,1245.932638219957,0.27935378191345717,NA,NA,NA,ambi,vege,-5.392318092397184,-0.4738612077016997
hi,salpra,vege.ambi,number_seeds,27,0.3737452979982754,4.399236438136017,0.2653161617138079,0.08521359677872023,NA,NA,NA,ambi,vege,-5.392318092397184,-0.4738612077016997
hi,salpra,vege.ambi,germ_rate,157,NA,-2.264035815216277,0.2149105047176243,NA,NA,NA,NA,ambi,vege,-5.392318092397184,-0.4738612077016997
hi,salpra,vege.ambi,establishment,157,NA,1.8977170924656277,0.3543891928969194,NA,NA,NA,NA,ambi,vege,-5.392318092397184,-0.4738612077016997
hi,salpra,vege.ambi,recruit_size,221,NA,NA,NA,NA,NA,-2.591370914184577,1.1528033203186945,ambi,vege,-5.392318092397184,-0.4738612077016997
hi,salpra,vege.warm,survival,238,NA,25.03097025103047,9428.61091054143,NA,NA,NA,NA,warm,vege,-5.980851913063182,-1.4147929730247673
hi,salpra,vege.warm,size_t1_log,116,0.578051788124411,-1.0624249779807866,0.29342272948564185,0.09242002765929871,0.7673012647966563,NA,NA,warm,vege,-5.980851913063182,-1.4147929730247673
hi,salpra,vege.warm,flower_status,356,1.3607386121050795,-17.106610548300324,1245.932638219957,0.27935378191345717,NA,NA,NA,warm,vege,-5.980851913063182,-1.4147929730247673
hi,salpra,vege.warm,number_seeds,27,0.004677827254024436,4.27528725061247,0.2675898477246826,0.09381293507388203,NA,NA,NA,warm,vege,-5.980851913063182,-1.4147929730247673
hi,salpra,vege.warm,germ_rate,157,NA,-3.114590309826922,0.23990986790523852,NA,NA,NA,NA,warm,vege,-5.980851913063182,-1.4147929730247673
hi,salpra,vege.warm,establishment,157,NA,0.6665675263153429,0.355591312945341,NA,NA,NA,NA,warm,vege,-5.980851913063182,-1.4147929730247673
hi,salpra,vege.warm,recruit_size,221,NA,NA,NA,NA,NA,-2.591370914184577,1.1528033203186945,warm,vege,-5.980851913063182,-1.4147929730247673
hi,scacol,bare.ambi,survival,238,-0.49595523924018264,2.2407642304907673,0.4610770112287047,0.24753622845243456,NA,NA,NA,ambi,bare,-4.1236021054972705,2.9701857225882624
hi,scacol,bare.ambi,size_t1_log,107,0.16939903677754797,0.5715774970999709,0.28314237506650936,0.17687887608548983,0.786628893301967,NA,NA,ambi,bare,-4.1236021054972705,2.9701857225882624
hi,scacol,bare.ambi,flower_status,345,3.8652086607928915,2.560988755082352,0.4946749668596609,0.5367897340728592,NA,NA,NA,ambi,bare,-4.1236021054972705,2.9701857225882624
hi,scacol,bare.ambi,number_seeds,129,0.7786088571631846,5.298496821139646,0.08589711645093942,0.01170343794119701,NA,NA,NA,ambi,bare,-4.1236021054972705,2.9701857225882624
hi,scacol,bare.ambi,germ_rate,178,NA,-3.402431187435945,0.19562393118397853,NA,NA,NA,NA,ambi,bare,-4.1236021054972705,2.9701857225882624
hi,scacol,bare.ambi,establishment,168,NA,-0.40546510810816344,0.4082482897013602,NA,NA,NA,NA,ambi,bare,-4.1236021054972705,2.9701857225882624
hi,scacol,bare.ambi,recruit_size,203,NA,NA,NA,NA,NA,-3.5391568492777745,0.8898223356314812,ambi,bare,-4.1236021054972705,2.9701857225882624
hi,scacol,bare.warm,survival,238,-0.49595523924018264,2.9733808495207246,0.6168623228684846,0.24753622845243456,NA,NA,NA,warm,bare,-4.740542838933023,3.2329867283760056
hi,scacol,bare.warm,size_t1_log,107,0.8144701578640989,-0.006651489344202011,0.262930548962902,0.17651674804819695,0.786628893301967,NA,NA,warm,bare,-4.740542838933023,3.2329867283760056
hi,scacol,bare.warm,flower_status,345,3.8652086607928915,2.560988755082352,0.4946749668596609,0.5367897340728592,NA,NA,NA,warm,bare,-4.740542838933023,3.2329867283760056
hi,scacol,bare.warm,number_seeds,129,0.8179219131345089,5.308604839632255,0.08525767450772859,0.00759177939381191,NA,NA,NA,warm,bare,-4.740542838933023,3.2329867283760056
hi,scacol,bare.warm,germ_rate,178,NA,-3.402431187435945,0.19562393118397853,NA,NA,NA,NA,warm,bare,-4.740542838933023,3.2329867283760056
hi,scacol,bare.warm,establishment,168,NA,-0.40546510810816344,0.4082482897013602,NA,NA,NA,NA,warm,bare,-4.740542838933023,3.2329867283760056
hi,scacol,bare.warm,recruit_size,203,NA,NA,NA,NA,NA,-3.5391568492777745,0.8898223356314812,warm,bare,-4.740542838933023,3.2329867283760056
hi,scacol,vege.ambi,survival,238,1.6559980847262437,25.474926914355574,2009.6499388329128,0.724277689526559,NA,NA,NA,ambi,vege,-4.413010090927471,0.28010644021093883
hi,scacol,vege.ambi,size_t1_log,107,0.7437633216810011,0.271809645806064,0.3585098286033955,0.1689004511562011,0.786628893301967,NA,NA,ambi,vege,-4.413010090927471,0.28010644021093883
hi,scacol,vege.ambi,flower_status,345,3.8652086607928915,2.560988755082352,0.4946749668596609,0.5367897340728592,NA,NA,NA,ambi,vege,-4.413010090927471,0.28010644021093883
hi,scacol,vege.ambi,number_seeds,129,0.5114948153838625,4.297867267732686,0.09115190688345895,0.07462856582231353,NA,NA,NA,ambi,vege,-4.413010090927471,0.28010644021093883
hi,scacol,vege.ambi,germ_rate,178,NA,-3.402431187435945,0.19562393118397853,NA,NA,NA,NA,ambi,vege,-4.413010090927471,0.28010644021093883
hi,scacol,vege.ambi,establishment,168,NA,-0.40546510810816344,0.4082482897013602,NA,NA,NA,NA,ambi,vege,-4.413010090927471,0.28010644021093883
hi,scacol,vege.ambi,recruit_size,203,NA,NA,NA,NA,NA,-3.5391568492777745,0.8898223356314812,ambi,vege,-4.413010090927471,0.28010644021093883
hi,scacol,vege.warm,survival,238,1.6559980847262437,7.736175216739154,2.5581167786579915,0.724277689526559,NA,NA,NA,warm,vege,-5.549236140827484,0.37794867482908456
hi,scacol,vege.warm,size_t1_log,107,1.388834442767552,1.1846148752496424,0.4224768632959707,0.18777461406433316,0.786628893301967,NA,NA,warm,vege,-5.549236140827484,0.37794867482908456
hi,scacol,vege.warm,flower_status,345,3.8652086607928915,2.560988755082352,0.4946749668596609,0.5367897340728592,NA,NA,NA,warm,vege,-5.549236140827484,0.37794867482908456
hi,scacol,vege.warm,number_seeds,129,0.9757963265696755,4.603534917578213,0.09682354948569398,0.10721664168568482,NA,NA,NA,warm,vege,-5.549236140827484,0.37794867482908456
hi,scacol,vege.warm,germ_rate,178,NA,-3.402431187435945,0.19562393118397853,NA,NA,NA,NA,warm,vege,-5.549236140827484,0.37794867482908456
hi,scacol,vege.warm,establishment,168,NA,-0.40546510810816344,0.4082482897013602,NA,NA,NA,NA,warm,vege,-5.549236140827484,0.37794867482908456
hi,scacol,vege.warm,recruit_size,203,NA,NA,NA,NA,NA,-3.5391568492777745,0.8898223356314812,warm,vege,-5.549236140827484,0.37794867482908456
hi,silvul,bare.ambi,survival,229,1.0295059577500403,2.7521012312424067,0.4828793362874335,0.27883696639876365,NA,NA,NA,ambi,bare,-4.66648981311693,3.3024122712967348
hi,silvul,bare.ambi,size_t1_log,101,0.9108027373777101,-1.1845942512260597,0.09647954759620311,0.04239025658291361,0.6835545197083979,NA,NA,ambi,bare,-4.66648981311693,3.3024122712967348
hi,silvul,bare.ambi,flower_status,330,1.2887350153237689,0.34350761474630626,0.363399350117545,0.3314393721021601,NA,NA,NA,ambi,bare,-4.66648981311693,3.3024122712967348
hi,silvul,bare.ambi,number_seeds,113,1.4462525867943552,5.408990929220898,0.19167163273711127,0.005098051238286753,NA,NA,NA,ambi,bare,-4.66648981311693,3.3024122712967348
hi,silvul,bare.ambi,germ_rate,179,NA,-1.7726163991056,0.14363370084547558,NA,NA,NA,NA,ambi,bare,-4.66648981311693,3.3024122712967348
hi,silvul,bare.ambi,establishment,178,NA,-0.8305494251298728,0.49794721487732363,NA,NA,NA,NA,ambi,bare,-4.66648981311693,3.3024122712967348
hi,silvul,bare.ambi,recruit_size,227,NA,NA,NA,NA,NA,-3.0313176126195014,1.1580428877418505,ambi,bare,-4.66648981311693,3.3024122712967348
hi,silvul,bare.warm,survival,229,1.0295059577500403,2.7521012312424067,0.4828793362874335,0.27883696639876365,NA,NA,NA,warm,bare,-5.392318092397184,2.3849141609786906
hi,silvul,bare.warm,size_t1_log,101,0.7404500099134883,-1.1650291200682745,0.10581456594805344,0.0505074487202681,0.6835545197083979,NA,NA,warm,bare,-5.392318092397184,2.3849141609786906
hi,silvul,bare.warm,flower_status,330,2.639023527247065,0.5167918428587026,0.41045646435648864,0.5367966240362659,NA,NA,NA,warm,bare,-5.392318092397184,2.3849141609786906
hi,silvul,bare.warm,number_seeds,113,1.5300777086978186,5.302657471703652,0.19166293369748852,0.007890166151858478,NA,NA,NA,warm,bare,-5.392318092397184,2.3849141609786906
hi,silvul,bare.warm,germ_rate,179,NA,-1.7726163991056,0.14363370084547558,NA,NA,NA,NA,warm,bare,-5.392318092397184,2.3849141609786906
hi,silvul,bare.warm,establishment,178,NA,-1.8722590521320035,0.5259910195063011,NA,NA,NA,NA,warm,bare,-5.392318092397184,2.3849141609786906
hi,silvul,bare.warm,recruit_size,227,NA,NA,NA,NA,NA,-3.0313176126195014,1.1580428877418505,warm,bare,-5.392318092397184,2.3849141609786906
hi,silvul,vege.ambi,survival,229,1.0295059577500403,5.41196977480248,0.9485823220143613,0.27883696639876365,NA,NA,NA,ambi,vege,-8.289306334778564,-0.5161811479768564
hi,silvul,vege.ambi,size_t1_log,101,0.9108027373777101,-1.1845942512260597,0.09647954759620311,0.04239025658291361,0.6835545197083979,NA,NA,ambi,vege,-8.289306334778564,-0.5161811479768564
hi,silvul,vege.ambi,flower_status,330,4.7147749075277146,4.152817668070204,2.0594216512324737,1.7554971275837323,NA,NA,NA,ambi,vege,-8.289306334778564,-0.5161811479768564
hi,silvul,vege.ambi,number_seeds,113,3.9856120391566394,8.341055852951687,0.24450922257386273,0.2099617097448315,NA,NA,NA,ambi,vege,-8.289306334778564,-0.5161811479768564
hi,silvul,vege.ambi,germ_rate,179,NA,-3.146729815622523,0.18081148145682457,NA,NA,NA,NA,ambi,vege,-8.289306334778564,-0.5161811479768564
hi,silvul,vege.ambi,establishment,178,NA,-0.8305494251298728,0.49794721487732363,NA,NA,NA,NA,ambi,vege,-8.289306334778564,-0.5161811479768564
hi,silvul,vege.ambi,recruit_size,227,NA,NA,NA,NA,NA,-3.0313176126195014,1.1580428877418505,ambi,vege,-8.289306334778564,-0.5161811479768564
hi,silvul,vege.warm,survival,229,1.0295059577500403,5.41196977480248,0.9485823220143613,0.27883696639876365,NA,NA,NA,warm,vege,-8.289306334778564,-0.060700265266862834
hi,silvul,vege.warm,size_t1_log,101,0.7404500099134883,-1.1650291200682745,0.10581456594805344,0.0505074487202681,0.6835545197083979,NA,NA,warm,vege,-8.289306334778564,-0.060700265266862834
hi,silvul,vege.warm,flower_status,330,6.065063419451011,4.3261018961826005,2.032384901213982,1.858821374322978,NA,NA,NA,warm,vege,-8.289306334778564,-0.060700265266862834
hi,silvul,vege.warm,number_seeds,113,4.069437161060103,6.031790242774133,0.19819088119582895,0.2096915094711132,NA,NA,NA,warm,vege,-8.289306334778564,-0.060700265266862834
hi,silvul,vege.warm,germ_rate,179,NA,-3.146729815622523,0.18081148145682457,NA,NA,NA,NA,warm,vege,-8.289306334778564,-0.060700265266862834
hi,silvul,vege.warm,establishment,178,NA,-1.8722590521320035,0.5259910195063011,NA,NA,NA,NA,warm,vege,-8.289306334778564,-0.060700265266862834
hi,silvul,vege.warm,recruit_size,227,NA,NA,NA,NA,NA,-3.0313176126195014,1.1580428877418505,warm,vege,-8.289306334778564,-0.060700265266862834
lo,brapin,bare.ambi,survival,105,1.6236241601726369,5.070738402846331,1.465634549930124,0.5573954520680151,NA,NA,NA,ambi,bare,-3.7245195397684996,3.955837346175569
lo,brapin,bare.ambi,size_t1_log,49,0.8318566846001719,1.3269909514326768,0.23962988822592846,0.11411965450172203,1.0883805104813757,NA,NA,ambi,bare,-3.7245195397684996,3.955837346175569
lo,brapin,bare.ambi,flower_status,157,2.3876882529167203,-2.242014318084159,0.6000900212171679,0.5137300477719199,NA,NA,NA,ambi,bare,-3.7245195397684996,3.955837346175569
lo,brapin,bare.ambi,number_seeds,31,1.6354319021795047,1.2130468257853602,0.32665699796740455,0.028251028130526212,NA,NA,NA,ambi,bare,-3.7245195397684996,3.955837346175569
lo,brapin,bare.ambi,germ_rate,60,NA,-1.334532633644899,0.3021536204472748,NA,NA,NA,NA,ambi,bare,-3.7245195397684996,3.955837346175569
lo,brapin,bare.ambi,establishment,60,NA,-1.6981203207939974,0.7354235931081704,NA,NA,NA,NA,ambi,bare,-3.7245195397684996,3.955837346175569
lo,brapin,bare.ambi,recruit_size,208,NA,NA,NA,NA,NA,-3.2039835329262294,0.9945428623383424,ambi,bare,-3.7245195397684996,3.955837346175569
lo,brapin,vege.ambi,survival,105,1.6236241601726369,8.915259960325752,2.247225041968094,0.5573954520680151,NA,NA,NA,ambi,vege,-7.665473872274615,2.3252272652368853
lo,brapin,vege.ambi,size_t1_log,49,0.8318566846001719,-0.23536479444088143,0.2959053314433748,0.11411965450172203,1.0883805104813757,NA,NA,ambi,vege,-7.665473872274615,2.3252272652368853
lo,brapin,vege.ambi,flower_status,157,2.3876882529167203,-2.242014318084159,0.6000900212171679,0.5137300477719199,NA,NA,NA,ambi,vege,-7.665473872274615,2.3252272652368853
lo,brapin,vege.ambi,number_seeds,31,1.2400271789848667,3.8343303367138235,0.3443512099476106,0.08093029211605922,NA,NA,NA,ambi,vege,-7.665473872274615,2.3252272652368853
lo,brapin,vege.ambi,germ_rate,60,NA,-1.8360909987643175,0.3237428489624325,NA,NA,NA,NA,ambi,vege,-7.665473872274615,2.3252272652368853
lo,brapin,vege.ambi,establishment,60,NA,-1.6981203207939974,0.7354235931081704,NA,NA,NA,NA,ambi,vege,-7.665473872274615,2.3252272652368853
lo,brapin,vege.ambi,recruit_size,208,NA,NA,NA,NA,NA,-3.2039835329262294,0.9945428623383424,ambi,vege,-7.665473872274615,2.3252272652368853
lo,broere,bare.ambi,survival,102,7.070492902574426,28.159293261504782,15.006492180085315,3.822701403073695,NA,NA,NA,ambi,bare,-4.459236290665467,4.530762015961916
lo,broere,bare.ambi,size_t1_log,50,0.5232510690481809,2.195600114630539,0.2466447838891522,0.11341069594452725,0.6147116027890485,NA,NA,ambi,bare,-4.459236290665467,4.530762015961916
lo,broere,bare.ambi,flower_status,153,2.887162778576889,-3.5845749970557512,1.1746921238078392,0.6049051747221571,NA,NA,NA,ambi,bare,-4.459236290665467,4.530762015961916
lo,broere,bare.ambi,number_seeds,52,1.028605720137237,2.767571477649827,0.10530346209255884,0.015325188273036099,NA,NA,NA,ambi,bare,-4.459236290665467,4.530762015961916
lo,broere,bare.ambi,germ_rate,60,NA,-0.470036239562515,0.17196966573907263,NA,NA,NA,NA,ambi,bare,-4.459236290665467,4.530762015961916
lo,broere,bare.ambi,establishment,59,NA,-0.3629054936893688,0.2301936802668192,NA,NA,NA,NA,ambi,bare,-4.459236290665467,4.530762015961916
lo,broere,bare.ambi,recruit_size,224,NA,NA,NA,NA,NA,-2.927731647678922,0.8695725682001418,ambi,bare,-4.459236290665467,4.530762015961916
lo,broere,vege.ambi,survival,102,7.070492902574426,28.159293261504782,15.006492180085315,3.822701403073695,NA,NA,NA,ambi,vege,-5.198717850741933,2.691353980664583
lo,broere,vege.ambi,size_t1_log,50,0.8745636352815002,1.0823884295170865,0.18286138723150608,0.09693186475370365,0.6147116027890485,NA,NA,ambi,vege,-5.198717850741933,2.691353980664583
lo,broere,vege.ambi,flower_status,153,2.887162778576889,-0.6011902486542802,0.4976610883570538,0.6049051747221571,NA,NA,NA,ambi,vege,-5.198717850741933,2.691353980664583
lo,broere,vege.ambi,number_seeds,52,0.9466339008843035,3.1631157499960367,0.11535212863101062,0.04245534652955386,NA,NA,NA,ambi,vege,-5.198717850741933,2.691353980664583
lo,broere,vege.ambi,germ_rate,60,NA,-1.2004086734029096,0.19010962947037907,NA,NA,NA,NA,ambi,vege,-5.198717850741933,2.691353980664583
lo,broere,vege.ambi,establishment,59,NA,-2.730029107812125,0.5958783966336354,NA,NA,NA,NA,ambi,vege,-5.198717850741933,2.691353980664583
lo,broere,vege.ambi,recruit_size,224,NA,NA,NA,NA,NA,-2.927731647678922,0.8695725682001418,ambi,vege,-5.198717850741933,2.691353980664583
lo,cenjac,bare.ambi,survival,119,NA,4.770684624368846,1.0042214205370932,NA,NA,NA,NA,ambi,bare,-3.5016583646025152,4.335416942390241
lo,cenjac,bare.ambi,size_t1_log,59,0.7487275223304746,0.2702118214148143,0.1242692485068583,0.055233324059298546,0.8203286611864733,NA,NA,ambi,bare,-3.5016583646025152,4.335416942390241
lo,cenjac,bare.ambi,flower_status,178,3.0687337004468467,-0.5823409285709275,0.4981913173375853,0.5376819037976766,NA,NA,NA,ambi,bare,-3.5016583646025152,4.335416942390241
lo,cenjac,bare.ambi,number_seeds,118,0.9561601550506328,4.591542748022731,0.07385935878148059,0.005894675019281532,NA,NA,NA,ambi,bare,-3.5016583646025152,4.335416942390241
lo,cenjac,bare.ambi,germ_rate,59,NA,-1.2000326716723717,0.22245120737859203,NA,NA,NA,NA,ambi,bare,-3.5016583646025152,4.335416942390241
lo,cenjac,bare.ambi,establishment,59,NA,-1.1486227071256396,0.225065072534806,NA,NA,NA,NA,ambi,bare,-3.5016583646025152,4.335416942390241
lo,cenjac,bare.ambi,recruit_size,232,NA,NA,NA,NA,NA,-2.9481542399236655,1.0444064418742667,ambi,bare,-3.5016583646025152,4.335416942390241
lo,cenjac,vege.ambi,survival,119,NA,4.770684624368846,1.0042214205370932,NA,NA,NA,NA,ambi,vege,-5.639311253528768,1.9709354161508605
lo,cenjac,vege.ambi,size_t1_log,59,0.7487275223304746,0.2702118214148143,0.1242692485068583,0.055233324059298546,0.8203286611864733,NA,NA,ambi,vege,-5.639311253528768,1.9709354161508605
lo,cenjac,vege.ambi,flower_status,178,3.0687337004468467,3.632392308860815,0.7278517499280857,0.5376819037976766,NA,NA,NA,ambi,vege,-5.639311253528768,1.9709354161508605
lo,cenjac,vege.ambi,number_seeds,118,0.5733540820967893,3.733222636497626,0.07591542393599142,0.02215941054214033,NA,NA,NA,ambi,vege,-5.639311253528768,1.9709354161508605
lo,cenjac,vege.ambi,germ_rate,59,NA,-1.9742601769196098,0.24579745523893198,NA,NA,NA,NA,ambi,vege,-5.639311253528768,1.9709354161508605
lo,cenjac,vege.ambi,establishment,59,NA,-1.1486227071256396,0.225065072534806,NA,NA,NA,NA,ambi,vege,-5.639311253528768,1.9709354161508605
lo,cenjac,vege.ambi,recruit_size,232,NA,NA,NA,NA,NA,-2.9481542399236655,1.0444064418742667,ambi,vege,-5.639311253528768,1.9709354161508605
lo,daucar,bare.ambi,survival,86,-0.5733139632124241,-0.13276112942273624,0.23488668690797093,0.18176360794297874,NA,NA,NA,ambi,bare,-4.539570040763867,1.6931834168893787
lo,daucar,bare.ambi,size_t1_log,9,1.5174759769941406,0.9966773360887863,0.7180936004971047,0.4450436901347857,0.7057031664461567,NA,NA,ambi,bare,-4.539570040763867,1.6931834168893787
lo,daucar,bare.ambi,flower_status,95,-0.7746611615687424,-2.413378625867058,0.6575302499228594,0.5837280602316862,NA,NA,NA,ambi,bare,-4.539570040763867,1.6931834168893787
lo,daucar,bare.ambi,number_seeds,24,0.32653172355489124,7.450813783087866,0.07750933294837703,0.0062455395815779816,NA,NA,NA,ambi,bare,-4.539570040763867,1.6931834168893787
lo,daucar,bare.ambi,germ_rate,60,NA,-1.3182408978627016,0.12914704388113846,NA,NA,NA,NA,ambi,bare,-4.539570040763867,1.6931834168893787
lo,daucar,bare.ambi,establishment,60,NA,-3.283463458854242,0.6758690731307706,NA,NA,NA,NA,ambi,bare,-4.539570040763867,1.6931834168893787
lo,daucar,bare.ambi,recruit_size,235,NA,NA,NA,NA,NA,-2.5299558062830174,1.5264730635407098,ambi,bare,-4.539570040763867,1.6931834168893787
lo,daucar,vege.ambi,survival,86,-0.5733139632124241,-0.13276112942273624,0.23488668690797093,0.18176360794297874,NA,NA,NA,ambi,vege,-8.289306334778564,3.481587605426265
lo,daucar,vege.ambi,size_t1_log,9,1.5174759769941406,0.9966773360887863,0.7180936004971047,0.4450436901347857,0.7057031664461567,NA,NA,ambi,vege,-8.289306334778564,3.481587605426265
lo,daucar,vege.ambi,flower_status,95,1.2387811649494322,-0.1759022222101554,0.37607596636974344,0.3201761654937681,NA,NA,NA,ambi,vege,-8.289306334778564,3.481587605426265
lo,daucar,vege.ambi,number_seeds,24,0.32653172355489124,6.7185371248978925,0.07609405528947828,0.0062455395815779816,NA,NA,NA,ambi,vege,-8.289306334778564,3.481587605426265
lo,daucar,vege.ambi,germ_rate,60,NA,-1.7788560634831638,0.1499223609267792,NA,NA,NA,NA,ambi,vege,-8.289306334778564,3.481587605426265
lo,daucar,vege.ambi,establishment,60,NA,-1.1612153824193485,0.4674482649561834,NA,NA,NA,NA,ambi,vege,-8.289306334778564,3.481587605426265
lo,daucar,vege.ambi,recruit_size,235,NA,NA,NA,NA,NA,-2.5299558062830174,1.5264730635407098,ambi,vege,-8.289306334778564,3.481587605426265
lo,hypper,bare.ambi,survival,117,NA,4.753590191106025,1.0043006752185468,NA,NA,NA,NA,ambi,bare,-3.7029487043670484,5.215824205074898
lo,hypper,bare.ambi,size_t1_log,56,0.6265495541621854,-0.3403005286533698,0.1459103615319917,0.05170962777189687,0.9169907860815345,NA,NA,ambi,bare,-3.7029487043670484,5.215824205074898
lo,hypper,bare.ambi,flower_status,175,5.401997633194131,-5.47057754721248,1.8577775730763855,1.7890908935422731,NA,NA,NA,ambi,bare,-3.7029487043670484,5.215824205074898
lo,hypper,bare.ambi,number_seeds,82,0.7788224634402399,8.329439131041571,0.038400856484494574,8.508721206175769e-4,NA,NA,NA,ambi,bare,-3.7029487043670484,5.215824205074898
lo,hypper,bare.ambi,germ_rate,57,NA,-3.865979066926109,0.25260409787294313,NA,NA,NA,NA,ambi,bare,-3.7029487043670484,5.215824205074898
lo,hypper,bare.ambi,establishment,49,NA,-1.1939224672096767,0.3609684767965023,NA,NA,NA,NA,ambi,bare,-3.7029487043670484,5.215824205074898
lo,hypper,bare.ambi,recruit_size,202,NA,NA,NA,NA,NA,-3.5479282833167405,0.7572952265462148,ambi,bare,-3.7029487043670484,5.215824205074898
lo,hypper,vege.ambi,survival,117,NA,4.753590191106025,1.0043006752185468,NA,NA,NA,NA,ambi,vege,-4.348675043044694,2.2763303264089685
lo,hypper,vege.ambi,size_t1_log,56,0.6265495541621854,-0.3403005286533698,0.1459103615319917,0.05170962777189687,0.9169907860815345,NA,NA,ambi,vege,-4.348675043044694,2.2763303264089685
lo,hypper,vege.ambi,flower_status,175,2.828158535731556,0.9587178712120927,0.5351210315784112,0.6456777369132558,NA,NA,NA,ambi,vege,-4.348675043044694,2.2763303264089685
lo,hypper,vege.ambi,number_seeds,82,1.1639875922098026,7.137421993871727,0.03881980700423218,0.005718028564948293,NA,NA,NA,ambi,vege,-4.348675043044694,2.2763303264089685
lo,hypper,vege.ambi,germ_rate,57,NA,-3.2188758057853066,0.19624293414209407,NA,NA,NA,NA,ambi,vege,-4.348675043044694,2.2763303264089685
lo,hypper,vege.ambi,establishment,49,NA,-1.1939224672096767,0.3609684767965023,NA,NA,NA,NA,ambi,vege,-4.348675043044694,2.2763303264089685
lo,hypper,vege.ambi,recruit_size,202,NA,NA,NA,NA,NA,-3.5479282833167405,0.7572952265462148,ambi,vege,-4.348675043044694,2.2763303264089685
lo,medlup,bare.ambi,survival,108,NA,0.26072625933454957,0.19408494444766863,NA,NA,NA,NA,ambi,bare,-5.089493079438092,2.067420866157279
lo,medlup,bare.ambi,size_t1_log,12,NA,-2.000831359174227,0.6300119961757263,NA,2.182425573508494,NA,NA,ambi,bare,-5.089493079438092,2.067420866157279
lo,medlup,bare.ambi,flower_status,119,0.8514947609100183,2.548546902084878,0.7290441479931135,0.4440246899576873,NA,NA,NA,ambi,bare,-5.089493079438092,2.067420866157279
lo,medlup,bare.ambi,number_seeds,71,1.3173010303984598,6.591732338446917,0.10781401009644931,0.0052905615419906685,NA,NA,NA,ambi,bare,-5.089493079438092,2.067420866157279
lo,medlup,bare.ambi,germ_rate,59,NA,-2.8009165271306973,0.30546371557566476,NA,NA,NA,NA,ambi,bare,-5.089493079438092,2.067420866157279
lo,medlup,bare.ambi,establishment,57,NA,-2.1980291759171373,0.633724294805223,NA,NA,NA,NA,ambi,bare,-5.089493079438092,2.067420866157279
lo,medlup,bare.ambi,recruit_size,230,NA,NA,NA,NA,NA,-3.905880469767414,0.9972040010485738,ambi,bare,-5.089493079438092,2.067420866157279
lo,medlup,vege.ambi,survival,108,NA,0.26072625933454957,0.19408494444766863,NA,NA,NA,NA,ambi,vege,-7.002433569827552,-1.4813998652210065
lo,medlup,vege.ambi,size_t1_log,12,NA,-2.000831359174227,0.6300119961757263,NA,2.182425573508494,NA,NA,ambi,vege,-7.002433569827552,-1.4813998652210065
lo,medlup,vege.ambi,flower_status,119,6.157146766295157,16.11360462436698,6.232003383073474,2.298826009930039,NA,NA,NA,ambi,vege,-7.002433569827552,-1.4813998652210065
lo,medlup,vege.ambi,number_seeds,71,1.0519222432134387,6.384094319533368,0.18841808787890152,0.08618610483882283,NA,NA,NA,ambi,vege,-7.002433569827552,-1.4813998652210065
lo,medlup,vege.ambi,germ_rate,59,NA,-1.7649104510991906,0.23398725524887345,NA,NA,NA,NA,ambi,vege,-7.002433569827552,-1.4813998652210065
lo,medlup,vege.ambi,establishment,57,NA,-2.1980291759171373,0.633724294805223,NA,NA,NA,NA,ambi,vege,-7.002433569827552,-1.4813998652210065
lo,medlup,vege.ambi,recruit_size,230,NA,NA,NA,NA,NA,-3.905880469767414,0.9972040010485738,ambi,vege,-7.002433569827552,-1.4813998652210065
lo,plamed,bare.ambi,survival,120,-1.7167440949238353,2.9829865185198,0.6171514710456247,0.4426726668971609,NA,NA,NA,ambi,bare,-4.19930367612418,2.4780876742492297
lo,plamed,bare.ambi,size_t1_log,42,1.092820740733782,-1.0939793537555238,0.39408495822459483,0.189802553202429,0.944392312484014,NA,NA,ambi,bare,-4.19930367612418,2.4780876742492297
lo,plamed,bare.ambi,flower_status,161,3.293219261733597,-0.71452771492515,0.3397917887822053,0.5544745293465118,NA,NA,NA,ambi,bare,-4.19930367612418,2.4780876742492297
lo,plamed,bare.ambi,number_seeds,55,0.5092902230647273,7.4854616637585245,0.06757493560953591,0.004432755326141584,NA,NA,NA,ambi,bare,-4.19930367612418,2.4780876742492297
lo,plamed,bare.ambi,germ_rate,60,NA,-2.5944813950998475,0.20354938974611156,NA,NA,NA,NA,ambi,bare,-4.19930367612418,2.4780876742492297
lo,plamed,bare.ambi,establishment,60,NA,-2.6539623524897373,0.8769334758320031,NA,NA,NA,NA,ambi,bare,-4.19930367612418,2.4780876742492297
lo,plamed,bare.ambi,recruit_size,226,NA,NA,NA,NA,NA,-3.199979987199886,1.7944354485337715,ambi,bare,-4.19930367612418,2.4780876742492297
lo,plamed,vege.ambi,survival,120,-1.7167440949238353,2.9829865185198,0.6171514710456247,0.4426726668971609,NA,NA,NA,ambi,vege,-8.289306334778564,1.0884953129751225
lo,plamed,vege.ambi,size_t1_log,42,1.092820740733782,0.03392342460930009,0.35403556721000917,0.189802553202429,0.944392312484014,NA,NA,ambi,vege,-8.289306334778564,1.0884953129751225
lo,plamed,vege.ambi,flower_status,161,3.293219261733597,-0.71452771492515,0.3397917887822053,0.5544745293465118,NA,NA,NA,ambi,vege,-8.289306334778564,1.0884953129751225
lo,plamed,vege.ambi,number_seeds,55,1.446022850897866,5.7826494162829665,0.12282815845909432,0.11991650216093552,NA,NA,NA,ambi,vege,-8.289306334778564,1.0884953129751225
lo,plamed,vege.ambi,germ_rate,60,NA,-2.5944813950998475,0.20354938974611156,NA,NA,NA,NA,ambi,vege,-8.289306334778564,1.0884953129751225
lo,plamed,vege.ambi,establishment,60,NA,-2.6539623524897373,0.8769334758320031,NA,NA,NA,NA,ambi,vege,-8.289306334778564,1.0884953129751225
lo,plamed,vege.ambi,recruit_size,226,NA,NA,NA,NA,NA,-3.199979987199886,1.7944354485337715,ambi,vege,-8.289306334778564,1.0884953129751225
lo,salpra,bare.ambi,survival,118,1.249717540966113,6.34016723850044,2.120203772822927,0.7160379999866707,NA,NA,NA,ambi,bare,-4.116430744855158,3.305706175557221
lo,salpra,bare.ambi,size_t1_log,56,0.6359165697287953,1.1111352375282577,0.25409839665832684,0.215981230672997,0.682020963446415,NA,NA,ambi,bare,-4.116430744855158,3.305706175557221
lo,salpra,bare.ambi,flower_status,175,3.1126548442975874,-1.0338350806317798,0.4520923580705864,0.5999576854319486,NA,NA,NA,ambi,bare,-4.116430744855158,3.305706175557221
lo,salpra,bare.ambi,number_seeds,58,0.8427210164119707,5.014353733682886,0.08968292739764674,0.00926705417769137,NA,NA,NA,ambi,bare,-4.116430744855158,3.305706175557221
lo,salpra,bare.ambi,germ_rate,60,NA,-3.0045171031096958,0.1756971359168385,NA,NA,NA,NA,ambi,bare,-4.116430744855158,3.305706175557221
lo,salpra,bare.ambi,establishment,60,NA,-1.7044409641369818,0.9950119384855105,NA,NA,NA,NA,ambi,bare,-4.116430744855158,3.305706175557221
lo,salpra,bare.ambi,recruit_size,221,NA,NA,NA,NA,NA,-2.591370914184577,1.1528033203186945,ambi,bare,-4.116430744855158,3.305706175557221
lo,salpra,vege.ambi,survival,118,1.249717540966113,6.34016723850044,2.120203772822927,0.7160379999866707,NA,NA,NA,ambi,vege,-6.216979751083923,0.07442451332119636
lo,salpra,vege.ambi,size_t1_log,56,1.8625955073364717,1.9333889793644983,0.5082583428532393,0.18918799637332584,0.682020963446415,NA,NA,ambi,vege,-6.216979751083923,0.07442451332119636
lo,salpra,vege.ambi,flower_status,175,3.1126548442975874,-1.0338350806317798,0.4520923580705864,0.5999576854319486,NA,NA,NA,ambi,vege,-6.216979751083923,0.07442451332119636
lo,salpra,vege.ambi,number_seeds,58,0.8427210164119707,4.284977122962697,0.1345821390712375,0.00926705417769137,NA,NA,NA,ambi,vege,-6.216979751083923,0.07442451332119636
lo,salpra,vege.ambi,germ_rate,60,NA,-3.0045171031096958,0.1756971359168385,NA,NA,NA,NA,ambi,vege,-6.216979751083923,0.07442451332119636
lo,salpra,vege.ambi,establishment,60,NA,-1.7044409641369818,0.9950119384855105,NA,NA,NA,NA,ambi,vege,-6.216979751083923,0.07442451332119636
lo,salpra,vege.ambi,recruit_size,221,NA,NA,NA,NA,NA,-2.591370914184577,1.1528033203186945,ambi,vege,-6.216979751083923,0.07442451332119636
lo,scacol,bare.ambi,survival,115,-0.33872812391445156,2.9812671364828063,0.7700102032321681,0.26414003484106013,NA,NA,NA,ambi,bare,-5.610078561487437,5.31451573120469
lo,scacol,bare.ambi,size_t1_log,47,-0.15913065124598058,3.3987549389196343,0.9030450030796818,0.2641836059729286,0.8454539910134676,NA,NA,ambi,bare,-5.610078561487437,5.31451573120469
lo,scacol,bare.ambi,flower_status,162,6.031698197185857,-5.25982710862926,2.735817158528293,2.247355418137151,NA,NA,NA,ambi,bare,-5.610078561487437,5.31451573120469
lo,scacol,bare.ambi,number_seeds,60,0.8060774266926363,5.647904883395277,0.06197362591064532,0.003579041445944476,NA,NA,NA,ambi,bare,-5.610078561487437,5.31451573120469
lo,scacol,bare.ambi,germ_rate,58,NA,-2.537552294216486,0.25850764904192103,NA,NA,NA,NA,ambi,bare,-5.610078561487437,5.31451573120469
lo,scacol,bare.ambi,establishment,57,NA,-0.4554869185692017,0.6024623926227985,NA,NA,NA,NA,ambi,bare,-5.610078561487437,5.31451573120469
lo,scacol,bare.ambi,recruit_size,203,NA,NA,NA,NA,NA,-3.5391568492777745,0.8898223356314812,ambi,bare,-5.610078561487437,5.31451573120469
lo,scacol,vege.ambi,survival,115,1.7243952020292947,6.69458399775138,1.8089605118786596,0.565510606360921,NA,NA,NA,ambi,vege,-5.0760446412771385,1.3748919098357695
lo,scacol,vege.ambi,size_t1_log,47,1.2214193372784838,0.894922434909474,0.6127361082578481,0.27153527304146496,0.8454539910134676,NA,NA,ambi,vege,-5.0760446412771385,1.3748919098357695
lo,scacol,vege.ambi,flower_status,162,6.031698197185857,-0.8141417005171157,2.0937337538602647,2.247355418137151,NA,NA,NA,ambi,vege,-5.0760446412771385,1.3748919098357695
lo,scacol,vege.ambi,number_seeds,60,1.0635526307982919,4.934176167310639,0.07375810969924573,0.048021029063384346,NA,NA,NA,ambi,vege,-5.0760446412771385,1.3748919098357695
lo,scacol,vege.ambi,germ_rate,58,NA,-2.537552294216486,0.25850764904192103,NA,NA,NA,NA,ambi,vege,-5.0760446412771385,1.3748919098357695
lo,scacol,vege.ambi,establishment,57,NA,-0.4554869185692017,0.6024623926227985,NA,NA,NA,NA,ambi,vege,-5.0760446412771385,1.3748919098357695
lo,scacol,vege.ambi,recruit_size,203,NA,NA,NA,NA,NA,-3.5391568492777745,0.8898223356314812,ambi,vege,-5.0760446412771385,1.3748919098357695
lo,silvul,bare.ambi,survival,111,0.5906059972116736,1.1622729099716445,0.5974354398987352,0.3063414262286117,NA,NA,NA,ambi,bare,-4.278772771495489,3.1087424380845925
lo,silvul,bare.ambi,size_t1_log,44,2.213390506391965,-3.3936050253660275,0.8251331506079116,0.4120969719029572,0.9484802920613901,NA,NA,ambi,bare,-4.278772771495489,3.1087424380845925
lo,silvul,bare.ambi,flower_status,155,2.5003516780478585,0.5080714300889655,0.4216201222679324,0.44842225691975096,NA,NA,NA,ambi,bare,-4.278772771495489,3.1087424380845925
lo,silvul,bare.ambi,number_seeds,63,1.1879119788612735,6.420006883165152,0.16371508553408953,0.0037425491499226606,NA,NA,NA,ambi,bare,-4.278772771495489,3.1087424380845925
lo,silvul,bare.ambi,germ_rate,60,NA,-2.514118076035943,0.2098396130592538,NA,NA,NA,NA,ambi,bare,-4.278772771495489,3.1087424380845925
lo,silvul,bare.ambi,establishment,60,NA,-1.2499371814654956,0.8479846151252832,NA,NA,NA,NA,ambi,bare,-4.278772771495489,3.1087424380845925
lo,silvul,bare.ambi,recruit_size,227,NA,NA,NA,NA,NA,-3.0313176126195014,1.1580428877418505,ambi,bare,-4.278772771495489,3.1087424380845925
lo,silvul,vege.ambi,survival,111,0.5906059972116736,3.631294592646514,0.8977953430424547,0.3063414262286117,NA,NA,NA,ambi,vege,-5.980851913063182,-0.45586146546242845
lo,silvul,vege.ambi,size_t1_log,44,0.11838127851075253,-2.240374994714414,0.45254827680802806,0.21252658604162086,0.9484802920613901,NA,NA,ambi,vege,-5.980851913063182,-0.45586146546242845
lo,silvul,vege.ambi,flower_status,155,2.5003516780478585,0.5080714300889655,0.4216201222679324,0.44842225691975096,NA,NA,NA,ambi,vege,-5.980851913063182,-0.45586146546242845
lo,silvul,vege.ambi,number_seeds,63,-1.8306183464997723,3.4084502545574793,0.3034016715242247,0.39353337349212825,NA,NA,NA,ambi,vege,-5.980851913063182,-0.45586146546242845
lo,silvul,vege.ambi,germ_rate,60,NA,-4.264764200722989,0.45476672469286133,NA,NA,NA,NA,ambi,vege,-5.980851913063182,-0.45586146546242845
lo,silvul,vege.ambi,establishment,60,NA,-1.2499371814654956,0.8479846151252832,NA,NA,NA,NA,ambi,vege,-5.980851913063182,-0.45586146546242845
lo,silvul,vege.ambi,recruit_size,227,NA,NA,NA,NA,NA,-3.0313176126195014,1.1580428877418505,ambi,vege,-5.980851913063182,-0.45586146546242845
