"","Species","Min_Altitude","Max_Altitude","Avg_Altitude","SpeciesAverageCover","NumberOfSites","AltitudeRange"
"1","Arenaria.serpyllifolia.L.",661.1,976.7,781.14,0.1,5,315.6
"2","Berberis.vulgaris.L.",566.9,880,729.96,2.82,10,313.1
"3","Betula.pendula.Roth",740.2,923,831.6,21,2,182.8
"4","Brachypodium.pinnatum..L...P..Beauv.",587.1,1605.5,960.828947368421,15.8736842105263,38,1018.4
"5","Campanula.rotundifolia.L.",679.7,2261.5,1190.34,0.213333333333333,30,1581.8
"6","Cardamine.pratensis.L.",740.2,740.2,740.2,0.5,1,0
"7","Carex.caryophyllea.Latourr.",630.7,2177.8,1333.7446969697,2.75984848484848,132,1547.1
"8","Carex.humilis.Leyss.",623.7,2013.1,1020.95945945946,11.0013513513514,74,1389.4
"9","Carex.montana.L.",635.8,1898.6,1206.23518518519,8.29259259259259,54,1262.8
"10","Carex.ornithopoda.Willd.",623.7,2273.5,1749.2048,1.5688,125,1649.8
"11","Carex.sylvatica.Huds.",740.2,1898.6,1211.45555555556,1.38333333333333,18,1158.4
"12","Cerastium.fontanum.Baumg.",614.1,2269.3,1362.2904109589,0.2,73,1655.2
"13","Corylus.avellana.L.",566.9,1548.5,826.175862068966,24.8844827586207,29,981.6
"14","Cotoneaster.horizontalis.Decne.",621,746,701.225,1.525,4,125
"15","Danthonia.decumbens..L...DC.",635.8,1738.1,1002.95625,1.0875,32,1102.3
"16","Festuca.ovina.aggr.",666.4,2352.9,1024.865625,4.025,32,1686.5
"17","Fragaria.vesca.L.",623.7,2003.6,1205.3387755102,2.40612244897959,98,1379.9
"18","Frangula.alnus.Mill.",587.1,784.9,696.871428571429,1.02857142857143,7,197.8
"19","Galium.rotundifolium.L.",664.1,1408.7,963.585714285714,0.442857142857143,7,744.6
"20","Hedera.helix.L.",587.1,984.6,714.895454545455,2.9,22,397.5
"21","Helianthemum.nummularium..L...Mill.",635.8,2330.2,1575.40625,4.72548076923077,208,1694.4
"22","Hepatica.nobilis.Schreb.",566.9,1889.7,1192.60666666667,1.16555555555556,90,1322.8
"23","Hypericum.perforatum.L.",693.2,1414.6,1029.89444444444,1.11666666666667,18,721.4
"24","Juglans.regia.L.",566.9,1176.9,768.966666666667,14.0666666666667,9,610
"25","Larix.decidua.Mill.",740.2,2219.8,1571.45227272727,25.9193181818182,44,1479.6
"26","Leontodon.hispidus.L.",635.8,2499.4,1532.38580246914,3.05987654320988,162,1863.6
"27","Lotus.corniculatus.L.",635.8,2219.8,1217.13142857143,1.47428571428571,35,1584
"28","Luzula.campestris..L...DC.",635.8,1938.2,917.507692307692,0.476923076923077,13,1302.4
"29","Maianthemum.bifolium..L...F..W..Schmidt",740.2,1670.3,1325.16666666667,1.04666666666667,15,930.1
"30","Melampyrum.sylvaticum.L.",740.2,2003.6,1536.30714285714,0.421428571428571,28,1263.4
"31","Melica.nutans.L.",623.7,1728.4,1073.22222222222,1.17777777777778,18,1104.7
"32","Molinia.caerulea..L...Moench",666.4,1113.1,836.9375,1.45,8,446.7
"33","Peucedanum.oreoselinum..L...Moench",650.6,1141.3,873.086666666667,0.9,30,490.7
"34","Picea.abies..L...H..Karst.",602.4,2177.8,1228.95130434783,31.5627536231884,115,1575.4
"35","Plantago.lanceolata.L.",635.8,2030.6,1119.96060606061,2.7969696969697,132,1394.8
"36","Poa.angustifolia.L.",724.7,1594.7,938.611111111111,0.7,9,870
"37","Potentilla.erecta..L...Raeusch.",621,1996.5,1268.30266666667,0.612,75,1375.5
"38","Pteridium.aquilinum..L...Kuhn",650.6,1390.1,948.725490196078,5.31960784313725,51,739.5
"39","Quercus.petraea.Liebl.",587.1,925.4,723.492857142857,18.4214285714286,14,338.3
"40","Ranunculus.tuberosus.aggr.",650.6,1990,1282.72285714286,0.662857142857143,35,1339.4
"41","Rubus.fruticosus.aggr.",625.3,1126.8,852.207142857143,4.81071428571429,28,501.5
"42","Sorbus.aria..L...Crantz",740.2,1494.8,980.17,4.69,10,754.6
"43","Taraxacum.officinale.aggr.",614.1,2114.9,1180.59387755102,1.68775510204082,98,1500.8
"44","Thymus.pulegioides.L.",661.1,2100.8,1180.09620253165,2.44810126582278,79,1439.7
"45","Trifolium.repens.L.",614.1,2390.6,1459.35615384615,2.88538461538462,130,1776.5
"46","Trifolium.rubens.L.",740.2,744,742.1,0.3,2,3.79999999999995
"47","Veronica.officinalis.L.",635.8,1736.7,1291.50810810811,0.816216216216216,37,1100.9
"48","Viola.canina.L.",740.2,1733.4,1240.52,0.36,5,993.2
"49","Acer.campestre.L.",566.9,1520,853.57,28.3,10,953.1
"50","Agrostis.stolonifera.L.",614.1,2220.5,1037.8462962963,2.27592592592593,54,1606.4
"51","Ajuga.reptans.L.",625.3,2044.1,1312.25319148936,0.81063829787234,47,1418.8
"52","Brachypodium.sylvaticum..Huds...P..Beauv.",621,1399.9,971.147058823529,7.64117647058824,17,778.9
"53","Campanula.trachelium.L.",704.5,1347.4,969.116666666667,0.55,6,642.9
"54","Carex.alba.Scop.",566.9,1784.7,1029.91609195402,13.7701149425287,87,1217.8
"55","Clematis.vitalba.L.",587.1,1399.6,767.025,3.59285714285714,28,812.5
"56","Colchicum.autumnale.L.",704.5,1017.2,847.371428571429,0.785714285714286,7,312.7
"57","Cornus.sanguinea.L.",566.9,893.7,690.105555555556,7.76666666666667,18,326.8
"58","Crataegus.monogyna.aggr.",623.7,801.5,717.8,1.95,6,177.8
"59","Euonymus.europaeus.L.",587.1,710.5,648.25,1.775,4,123.4
"60","Fraxinus.excelsior.L.",566.9,1058.2,764.238095238095,2.03333333333333,21,491.3
"61","Galeopsis.tetrahit.L.",704.5,1744,1140.56666666667,6.36666666666667,3,1039.5
"62","Galium.mollugo.aggr.",630.7,2170.5,1163.21304347826,1.41739130434783,23,1539.8
"63","Geranium.robertianum.subsp..purpureum..Vill...Nyman",704.5,704.5,704.5,2,1,0
"64","Geum.urbanum.L.",704.5,2048.3,1112.24545454545,0.318181818181818,11,1343.8
"65","Lathyrus.pratensis.L.",625.3,1788.9,1146.80579710145,0.239130434782609,69,1163.6
"66","Ligustrum.vulgare.L.",587.1,984.6,773.632,4.486,25,397.5
"67","Lonicera.xylosteum.L.",587.1,1494.8,988.538709677419,4.52096774193548,31,907.7
"68","Mycelis.muralis..L...Dumort.",704.5,1558.6,1059.94166666667,0.316666666666667,12,854.1
"69","Poa.pratensis.aggr.",672.7,2114.9,1299.86388888889,1.56111111111111,36,1442.2
"70","Polygonatum.odoratum..Mill...Druce",704.5,1664.7,1184.6,7,2,960.2
"71","Viburnum.lantana.L.",587.1,1039.3,793.54,2.96,10,452.2
"72","Vicia.sepium.L.",672.7,1779.2,1201.57714285714,0.528571428571429,35,1106.5
"73","Viola.reichenbachiana.Boreau",602.4,1670.3,1119.55,0.418421052631579,76,1067.9
"74","Acer.platanoides.L.",710.5,1109.6,907.833333333333,0.866666666666667,6,399.1
"75","Fagus.sylvatica.L.",566.9,1446.9,967.268055555556,44.0050925925926,72,880
"76","Galium.odoratum..L...Scop.",710.5,1132.7,913.691666666667,4.93333333333333,12,422.2
"77","Hippocrepis.emerus..L...Lassen",625.3,977.2,798.25,0.525,4,351.9
"78","Hypericum.montanum.L.",710.5,1210,871.2,0.36,5,499.5
"79","Lathyrus.vernus..L...Bernh.",566.9,1332.4,870.071428571429,0.471428571428571,7,765.5
"80","Luzula.nivea..L...DC.",710.5,1728.4,1336.71,1.415,20,1017.9
"81","Prunus.avium.L.",587.1,1031.9,713.32,11.74,10,444.8
"82","Rubus.idaeus.L.",709.7,1745.8,1282.592,4.552,25,1036.1
"83","Viola",710.5,1605.5,943.583333333333,0.166666666666667,6,895
"84","Anthericum.ramosum.L.",741.8,982.9,874.18,0.9,5,241.1
"85","Bromus.erectus.Huds.",623.7,1594.7,858.635802469136,9.95679012345679,81,971
"86","Dianthus.carthusianorum.L.",661.1,741.8,697.025,0.4,4,80.6999999999999
"87","Euphorbia.cyparissias.L.",650.6,2143.1,1103.895,1.20125,80,1492.5
"88","Fumana.procumbens..Dunal..Gren....Godr.",697.7,741.8,719.75,0.1,2,44.0999999999999
"89","Galium.pumilum.aggr.",623.7,2100.8,1378.49756097561,0.219512195121951,41,1477.1
"90","Globularia.cordifolia.L.",741.8,2363.9,2069.59,4.8975,40,1622.1
"91","Hippocrepis.comosa.L.",661.1,2348.5,1801.73793103448,1.21551724137931,116,1687.4
"92","Potentilla.verna.L.",661.1,1689.1,989.688888888889,0.881481481481482,54,1028
"93","Prunella.grandiflora..L...Scholler",635.8,2177.8,1052.95,2.475,44,1542
"94","Salix",741.8,872.2,807,1.55,2,130.4
"95","Scabiosa.columbaria.L.",661.1,2016.1,945.031578947368,0.436842105263158,19,1355
"96","Teucrium.chamaedrys.L.",650.6,1494.8,908.349230769231,4.18307692307692,65,844.2
"97","Teucrium.montanum.L.",650.6,1436.8,899.609523809524,1.97619047619048,21,786.2
"98","Thymus.praecox.Opiz",661.1,2481.2,1776.51385542169,1.89698795180723,166,1820.1
"99","Acer.pseudoplatanus.L.",566.9,1838.6,1109.95714285714,6.62428571428571,35,1271.7
"100","Agrimonia.eupatoria.L.",635.8,1389.9,845.449056603774,1.2188679245283,53,754.1
"101","Alchemilla.vulgaris.aggr.",718,2390.6,1725.97076023392,7.28245614035088,171,1672.6
"102","Bellis.perennis.L.",672.7,2044.1,1341.04,0.3,25,1371.4
"103","Dactylis.glomerata.L.",614.1,2114.9,1160.70413793103,4.55793103448276,145,1500.8
"104","Daucus.carota.L.",671.6,1581.6,869.226666666667,1.41777777777778,45,910
"105","Festuca.rubra.aggr.",614.1,2427,1678.50098039216,8.83872549019608,204,1812.9
"106","Leontodon.autumnalis.L.",685.3,1802.9,1121.728,2.232,25,1117.6
"107","Lolium.perenne.L.",614.1,1745.9,1030.30576923077,6.18461538461538,52,1131.8
"108","Phleum.pratense.L.",635.8,2003.6,1050.18571428571,1.56,35,1367.8
"109","Plantago.major.L.",614.1,1802.9,1269.49285714286,0.739285714285714,28,1188.8
"110","Ranunculus.acris.L.",614.1,2330.2,1427.9862745098,1.51764705882353,102,1716.1
"111","Rumex.acetosa.L.",672.7,1709.2,1168.52,1.015,20,1036.5
"112","Trifolium.pratense.L.",614.1,2736.2,1520.41401869159,1.87289719626168,214,2122.1
"113","Verbena.officinalis.L.",614.1,989,785.6,0.55,6,374.9
"114","Veronica.chamaedrys.L.",672.7,2165.6,1513.59504950495,0.501980198019802,101,1492.9
"115","Veronica.serpyllifolia.L.",718,2499.4,1857.65,0.175,16,1781.4
"116","Anthericum.liliago.L.",587.1,912.1,693.866666666667,0.616666666666667,6,325
"117","Brachypodium.pinnatum.aggr.",623.7,1750,1011.64343434343,17.3040404040404,99,1126.3
"118","Galium.verum.L.",650.6,1409.8,877.75,1.39655172413793,58,759.2
"119","Lotus.corniculatus.aggr.",614.1,2427,1560.37135678392,0.748241206030151,199,1812.9
"120","Quercus.pubescens.Willd.",697.7,1013.6,826.025,2.25,4,315.9
"121","Rhamnus.saxatilis.Jacq.",697.7,872.2,784.95,2.25,2,174.5
"122","Sanguisorba.minor.Scop.",614.1,1694.8,1053.93835616438,0.579452054794521,73,1080.7
"123","Achillea.millefolium.aggr.",614.1,2188.7,1344.73944954128,1.04862385321101,109,1574.6
"124","Anthoxanthum.odoratum.L.",723.2,2074.4,1402.02941176471,1.28823529411765,17,1351.2
"125","Briza.media.L.",671.6,2016.1,1179.77702702703,0.813513513513514,74,1344.5
"126","Carex.liparocarpos.Gaudin",723.2,723.2,723.2,1,1,0
"127","Carlina.acaulis.L.",678.6,2302.8,1704.74424778761,1.23938053097345,113,1624.2
"128","Euphrasia",719.2,2000.5,1279.5,0.1,5,1281.3
"129","Galium.lucidum.All.",723.2,1413.9,1040.52727272727,0.9,11,690.7
"130","Hieracium.pilosella.L.",635.8,2330.2,1552.72235294118,3.80117647058824,85,1694.4
"131","Knautia.arvensis..L...Coult.",650.6,2003.6,940.327906976744,1.01860465116279,43,1353
"132","Luzula.multiflora.aggr.",723.2,2330.2,1926.026,0.536,50,1607
"133","Ononis.repens.L.",687.5,1013.6,840.672727272727,0.445454545454545,11,326.1
"134","Pimpinella.major..L...Huds.",719.2,2016.1,1416.44347826087,0.682608695652174,23,1296.9
"135","Plantago.media.L.",650.6,1731.4,1164.01492537313,2.24925373134328,67,1080.8
"136","Populus.tremula.L.",723.2,1327.4,1026.825,1.3,4,604.2
"137","Primula.veris.L.",680.9,1793.6,1285.92857142857,0.471428571428571,28,1112.7
"138","Ranunculus.repens.L.",696,1442.4,960.057142857143,1.23571428571429,14,746.4
"139","Stachys.officinalis..L...Trevis.",635.8,1017.2,867.215384615385,2.17692307692308,13,381.4
"140","Trifolium.montanum.L.",635.8,2000.5,1062.98,1.21733333333333,75,1364.7
"141","Trisetum.flavescens..L...P..Beauv.",672.7,1742,1291.21923076923,2.78846153846154,26,1069.3
"142","Viola.hirta.L.",671.6,1605.5,1107.38333333333,0.39,30,933.9
"143","Carex.pallescens.L.",744,1858.7,1441.65,1.12,10,1114.7
"144","Centaurea.jacea.aggr.",662.8,1669.7,954.022727272727,1.95227272727273,44,1006.9
"145","Festuca.guestfalica.Boenn.",744,773.4,758.7,3,2,29.4
"146","Linum.catharticum.L.",671.6,2143.1,1358.66666666667,0.125490196078431,51,1471.5
"147","Odontites.vernus.aggr.",744,1588,1166,0.1,2,844
"148","Peucedanum.cervaria..L...Lapeyr.",730.5,990.8,858.62,0.34,5,260.3
"149","Prunella.vulgaris.L.",614.1,2074.4,1308.87142857143,1.8,126,1460.3
"150","Rubus",744,997.9,870.95,4.05,2,253.9
"151","Sanguisorba.officinalis.L.",744,744,744,0.1,1,0
"152","Sorbus.aria.aggr.",566.9,1408.7,946.733333333333,1.25555555555556,9,841.8
"153","Arenaria.serpyllifolia.aggr.",614.1,2177,1007.13157894737,0.1,19,1562.9
"154","Asperula.cynanchica.aggr.",650.6,1010.5,837.965,0.5,20,359.9
"155","Koeleria.pyramidata.aggr.",630.7,1012.8,801.1,0.9125,8,382.1
"156","Pimpinella.saxifraga.L.",635.8,1716.4,895.45652173913,0.621739130434783,23,1080.6
"157","Agrostis.capillaris.L.",625.3,2352.9,1556.56202531646,5.26139240506329,158,1727.6
"158","Globularia.bisnagarica.L.",661.1,1687.5,896.428571428571,1.3,7,1026.4
"159","Polygala.vulgaris.L.",679.7,1227.7,919.271428571429,0.185714285714286,14,548
"160","Rosa.tomentosa.aggr.",687.5,1067.5,904.475,0.2,4,380
"161","Dianthus.sylvestris.Wulfen",661.1,2112.1,1498.54444444444,0.322222222222222,9,1451
"162","Carex.pilosa.Scop.",625.3,625.3,625.3,2,1,0
"163","Vicia.cracca.L.",625.3,1669.9,950.361538461538,1.27692307692308,13,1044.6
"164","Ulmus.glabra.Huds.",587.1,1109.6,800.3,5,6,522.5
"165","Viburnum.opulus.L.",566.9,587.1,577,1.25,2,20.2
"166","Viola.biflora.L.",587.1,2233.3,1738.65,0.9125,24,1646.2
"167","Arabis.hirsuta.aggr.",698.2,1387.5,982.716666666667,0.1,6,689.3
"168","Asteraceae",773.4,2381.7,1641.91666666667,0.233333333333333,6,1608.3
"169","Centaurea.jacea.L.",650.6,1409.8,948.330769230769,2.88076923076923,26,759.2
"170","Clinopodium.vulgare.L.",672.7,1605.5,1041.94848484848,0.845454545454545,33,932.8
"171","Crataegus.monogyna.Jacq.",590.9,773.4,666.7,14.1666666666667,3,182.5
"172","Erica.carnea.L.",662.8,2427,1617.67875,13.89625,80,1764.2
"173","Helictotrichon.pubescens..Huds...Pilg.",635.8,2099.1,1494.30217391304,1.22608695652174,46,1463.3
"174","Poa.pratensis.L.",773.4,1558.6,1048.65833333333,5.71666666666667,12,785.2
"175","Ranunculus.tuberosus.Lapeyr.",679.7,2074.4,1408.94444444444,0.844444444444444,9,1394.7
"176","Veronica.arvensis.L.",672.7,1397.2,949.871428571429,0.157142857142857,7,724.5
"177","Buphthalmum.salicifolium.L.",623.7,1711.6,1157.11538461538,4.05384615384615,13,1087.9
"178","Epipactis.atrorubens.Besser",623.7,2115.5,1374.74444444444,0.188888888888889,9,1491.8
"179","Geranium.sanguineum.L.",623.7,1344,1000.75833333333,0.933333333333333,12,720.3
"180","Origanum.vulgare.L.",623.7,1446.9,960.958333333333,1.45,12,823.2
"181","Rosa.canina.L.",623.7,725.4,669.366666666667,3.7,3,101.7
"182","Viola.alba.Besser",623.7,1402.9,988.507142857143,0.371428571428571,14,779.2
"183","Alchemilla.conjuncta.aggr.",966.3,2352.9,1888.49574468085,9.5063829787234,47,1386.6
"184","Campanula.scheuchzeri.Vill.",966.3,2736.2,1918.66240601504,0.162406015037594,133,1769.9
"185","Carex.flacca.Schreb.",621,2269.3,1211.77794117647,3.04411764705882,68,1648.3
"186","Carlina.vulgaris.L.",966.3,966.3,966.3,0.1,1,0
"187","Hieracium.piloselloides.Vill.",807.4,1993.8,1400.6,0.75,2,1186.4
"188","Hylocomium.splendens..Hedw...Schimp.",966.3,966.3,966.3,2,1,0
"189","Rhytidiadelphus.triquetrus..Hedw...Warnst.",966.3,966.3,966.3,66,1,0
"190","Rubus.caesius.L.",621,1446.9,1024.89473684211,7.11052631578947,19,825.9
"191","Anthoxanthum.odoratum.aggr.",672.7,2390.6,1785.58472222222,1.05138888888889,72,1717.9
"192","Asperula.cynanchica.L.",679.7,1017.2,917.8,0.9,13,337.5
"193","Cuscuta.epithymum..L...L.",981.1,1997.2,1245.41428571429,0.157142857142857,7,1016.1
"194","Euphrasia.rostkoviana.aggr.",689,2035.6,1369.2078125,0.5,64,1346.6
"195","Juniperus.communis.L.",981.1,2061.3,1530.4,3.9375,8,1080.2
"196","Lotus.maritimus.L.",671.6,1013.6,910.2875,0.8625,8,342
"197","Polygala.amarella.Crantz",957.8,1013.6,992.2,0.366666666666667,3,55.8000000000001
"198","Polygala.chamaebuxus.L.",666.4,2352.9,1668.76349206349,1.5484126984127,126,1686.5
"199","Salvia.pratensis.L.",650.6,1410.4,920.1,7.26590909090909,44,759.8
"200","Cephalanthera.longifolia..L...Fritsch",711.6,1350.1,1018.6625,0.2,8,638.5
"201","Galium.album.Mill.",703,1750,1195.82857142857,0.328571428571429,7,1047
"202","Hieracium.lactucella.Wallr.",666.4,2202.1,1705.62105263158,0.666666666666667,57,1535.7
"203","Leucanthemum.vulgare.aggr.",650.6,2390.6,1645.31875,0.5275,80,1740
"204","Ononis.spinosa.aggr.",650.6,1421.1,900.678125,1.5625,32,770.5
"205","Trifolium.medium.L.",635.8,1721.1,1034.584,1.544,25,1085.3
"206","Pinus.sylvestris.L.",617.8,1694.8,968.9,32.8833333333333,30,1077
"207","Ranunculus.polyanthemophyllus.W..Koch...H..E..Hess",1005.2,1005.2,1005.2,0.1,1,0
"208","Rosa.rubiginosa.aggr.",880,1332.4,1026.72,1.52,5,452.4
"209","Achillea.millefolium.L.",635.8,2019.4,1001.59375,1.846875,32,1383.6
"210","Anacamptis.pyramidalis..L...Rich.",957.8,957.8,957.8,0.1,1,0
"211","Campanula.glomerata.L.",650.6,1126.8,904.182142857143,0.432142857142857,28,476.2
"212","Sesleria.caerulea..L...Ard.",666.4,2736.2,1917.59832402235,5.56424581005587,179,2069.8
"213","Carum.carvi.L.",685.7,2177,1332.11590909091,1.21590909090909,44,1491.3
"214","Festuca.rubra.L.",635.8,2138.2,1373.39268292683,8.28780487804878,41,1502.4
"215","Medicago.sativa.L.",738.7,946.3,872.933333333333,1.2,3,207.6
"216","Ranunculus.bulbosus.L.",614.1,2099.1,1136.03043478261,0.347826086956522,46,1485
"217","Rubus.saxatilis.L.",827.7,2003.6,1496.78125,1.06875,16,1175.9
"218","Galium.pumilum.Murray",932.5,1989.9,1566.08,0.1,5,1057.4
"219","Cirsium.acaule.Scop.",666.4,2177.8,1385.94324324324,2.51351351351351,37,1511.4
"220","Galium.mollugo.L.",978.6,1716.4,1277.35,0.2,4,737.8
"221","Gentiana.campestris.L.",1017.2,2481.2,2102.48666666667,0.257777777777778,45,1464
"222","Acinos.alpinus..L...Moench",978.6,2348.5,1875.71267605634,0.884507042253521,71,1369.9
"223","Calamintha.nepeta..L...Savi",978.6,978.6,978.6,0.1,1,0
"224","Centaurea.scabiosa.L.",635.8,1286.3,913.425,2.63333333333333,12,650.5
"225","Festuca.ovina.L.",650.6,1156.5,898.366666666667,1.01666666666667,6,505.9
"226","Holcus.lanatus.L.",672.7,1012.8,896.775,0.675,4,340.1
"227","Populus.nigra.L.",839.2,978.6,908.9,0.1,2,139.4
"228","Potentilla",703,978.6,840.8,0.1,2,275.6
"229","Rhinanthus.alectorolophus..Scop...Pollich",680.9,1733.4,1012.76,3.88,10,1052.5
"230","Silene.vulgaris..Moench..Garcke",650.6,2261.5,1376.19807692308,0.378846153846154,52,1610.9
"231","Arabis.ciliata.Clairv.",758.6,2131.6,1570.6,0.128571428571429,14,1373
"232","Viola.collina.Besser",960.8,1689.1,1332.44444444444,0.388888888888889,9,728.3
"233","Laserpitium.siler.L.",959.5,1581.6,1244.6875,1.4125,8,622.1
"234","Pimpinella.saxifraga.aggr.",650.6,2099.1,931.1825,0.8825,40,1448.5
"235","Rosa.canina.aggr.",959.5,2003.6,1481.55,1.5,2,1044.1
"236","Cephalanthera.rubra..L...Rich.",888.4,974.1,931.25,0.1,2,85.7
"237","Epipactis.helleborine..L...Crantz",746,888.4,806.433333333333,0.1,3,142.4
"238","Crepis.biennis.L.",679.7,1745.9,1045.825,1.8325,20,1066.2
"239","Cynosurus.cristatus.L.",614.1,1793.6,1091.66216216216,1.53783783783784,37,1179.5
"240","Phleum.pratense.aggr.",614.1,1792.8,1031.245,2.055,40,1178.7
"241","Aegopodium.podagraria.L.",780.5,1877.5,1258.91538461538,3.60769230769231,39,1097
"242","Carex.hirta.L.",933.8,973.2,953.4,5.7,3,39.4000000000001
"243","Elymus.repens..L...Gould",973.2,1442.4,1207.8,31,2,469.2
"244","Festuca.pratensis.Huds.",614.1,1989.9,1394.86595744681,6.30851063829787,47,1375.8
"245","Lysimachia.nemorum.L.",839.2,1520,1113.01538461538,0.823076923076923,13,680.8
"246","Mentha.longifolia..L...Huds.",839.2,1080.6,950.42,13.22,5,241.4
"247","Poa.trivialis.L.",736.8,2003.6,1216.06470588235,2.91176470588235,17,1266.8
"248","Rumex.obtusifolius.L.",883.7,1109.6,971.5,2.25,4,225.9
"249","Urtica.dioica.L.",659,1939.9,1381.39285714286,2.92857142857143,14,1280.9
"250","Ononis.spinosa.L.",684.1,998.1,843.68,1.5,5,314
"251","Cirsium.arvense..L...Scop.",614.1,1558.6,1071.6,1.10909090909091,11,944.5
"252","Deschampsia.cespitosa..L...P..Beauv.",839.2,2114.9,1763.94761904762,7.81428571428571,42,1275.7
"253","Medicago.lupulina.L.",614.1,1802.9,1164.54857142857,0.582857142857143,35,1188.8
"254","Potentilla.reptans.L.",614.1,1605.5,1029.93333333333,0.853333333333333,15,991.4
"255","Serratula.tinctoria.L.",839.2,839.2,839.2,1.5,1,0
"256","Amelanchier.ovalis.Medik.",705.8,1399.9,968.333333333333,2.03333333333333,6,694.1
"257","Epipactis.helleborine.aggr.",664.1,1402.6,974.75,0.308333333333333,12,738.5
"258","Hieracium.murorum.aggr.",727.6,2177.8,1468.68888888889,1.60416666666667,72,1450.2
"259","Rosa.corymbifera.aggr.",827.7,1012.8,920.25,1.05,2,185.1
"260","Solidago.virgaurea.L.",715.1,2302.8,1556.48679245283,0.911320754716981,53,1587.7
"261","Buddleja.davidii.Franch.",725.4,770.4,747.9,32.75,2,45
"262","Carpinus.betulus.L.",770.4,770.4,770.4,0.1,1,0
"263","Salix.caprea.L.",725.4,1802.9,1103.3,12.0857142857143,7,1077.5
"264","Arrhenatherum.elatius..L...J..Presl...C..Presl",736.9,1304,966.05,8.1,8,567.1
"265","Sedum",738.7,738.7,738.7,0.1,1,0
"266","Calamagrostis.varia..Schrad...Host",630.7,2003.6,1350.0525,9.2225,40,1372.9
"267","Sorbus.aucuparia.L.",880,1832,1302.88076923077,2.24615384615385,26,952
"268","Cardamine.impatiens.L.",979.5,1056.3,1017.9,0.3,2,76.8
"269","Chaerophyllum.aureum.L.",979.5,1080.6,1042.53333333333,10.8666666666667,3,101.1
"270","Festuca.altissima.All.",979.5,979.5,979.5,2,1,0
"271","Hordelymus.europaeus..L...Harz",979.5,1520,1282.3,5.36666666666667,3,540.5
"272","Lamium.galeobdolon..L...L.",709.7,1736.7,1252.67857142857,0.485714285714286,14,1027
"273","Lilium.martagon.L.",979.5,1296.2,1137.85,0.55,2,316.7
"274","Mercurialis.perennis.L.",566.9,1158.6,930.163157894737,4.7421052631579,19,591.7
"275","Poa.nemoralis.L.",882.3,2033.3,1424.37142857143,1.02857142857143,7,1151
"276","Polygonatum.multiflorum..L...All.",780.5,1080.6,946.866666666667,0.533333333333333,3,300.1
"277","Selaginella.helvetica..L...Link",890.9,890.9,890.9,0.1,1,0
"278","Crepis.capillaris.Wallr.",933.8,1550,1264.22,0.92,5,616.2
"279","Lysimachia.nummularia.L.",933.8,933.8,933.8,0.1,1,0
"280","Stipa.pennata.aggr.",666.4,888.7,808.066666666667,3.53333333333333,3,222.3
"281","Poaceae",703,1109.6,906.3,5.25,2,406.6
"282","Vincetoxicum.hirundinaria.Medik.",724.7,1403.2,1070.40714285714,1.31428571428571,14,678.5
"283","Aquilegia.vulgaris.L.",784.9,1399.9,1203.52,1.8,5,615
"284","Erigeron.annuus..L...Desf.",614.1,784.9,699.5,1.05,2,170.8
"285","Listera.ovata..L...R..Br.",784.9,784.9,784.9,0.1,1,0
"286","Potentilla.recta.L.",784.9,784.9,784.9,2,1,0
"287","Anthriscus.sylvestris..L...Hoffm.",736.9,1156.5,974.033333333333,1.5,3,419.6
"288","Carex.elata.All.",736.8,736.8,736.8,0.1,1,0
"289","Filipendula.ulmaria..L...Maxim.",736.8,736.8,736.8,90,1,0
"290","Galium.elongatum.C..Presl",736.8,736.8,736.8,0.1,1,0
"291","Phragmites.australis..Cav...Steud.",736.8,736.8,736.8,20,1,0
"292","Galium.aparine.L.",873.8,1109.6,955.075,0.825,4,235.8
"293","Geranium.robertianum.L.",659,1408.7,1049.08333333333,0.65,12,749.7
"294","Sambucus.nigra.L.",873.8,1326.6,1100.2,2.75,2,452.8
"295","Trifolium.campestre.Schreb.",873.8,974.7,924.25,0.3,2,100.9
"296","Carex.muricata.aggr.",882.3,1067.5,964.82,2.26,5,185.2
"297","Impatiens.parviflora.DC.",882.3,953.2,917.75,1,2,70.9000000000001
"298","Oxalis.acetosella.L.",709.7,1858.7,1236.86,2.725,40,1149
"299","Viola.odorata.L.",630.7,1431.7,960.316666666667,1.26666666666667,6,801
"300","Geranium.columbinum.L.",679.2,1012.8,872.7,0.233333333333333,3,333.6
"301","Bromus.benekenii..Lange..Trimen",1031.9,1031.9,1031.9,0.1,1,0
"302","Carex.digitata.L.",630.7,1446.9,958.453846153846,0.423076923076923,13,816.2
"303","Carduus.personata..L...Jacq.",1028.7,1744,1468.575,28.25,4,715.3
"304","Chaerophyllum.hirsutum.aggr.",1028.7,1877.5,1509.712,2.688,25,848.8
"305","Cruciata.laevipes.Opiz",923,1109.6,1045.83333333333,0.466666666666667,6,186.6
"306","Geranium.sylvaticum.L.",1028.7,2221.3,1713.54383561644,2.31369863013699,73,1192.6
"307","Glechoma.hederacea.L.",659,1028.7,786.8,4.4,3,369.7
"308","Hypericum.maculatum.Crantz",719.2,2165.6,1603.70833333333,0.666666666666667,36,1446.4
"309","Knautia",1028.7,2030.1,1529.4,0.1,2,1001.4
"310","Leucanthemum.vulgare.Lam.",1028.7,1953.5,1491.1,0.3,2,924.8
"311","Silene.dioica..L...Clairv.",1028.7,2188.7,1577.2,0.9,4,1160
"312","Stellaria.media.aggr.",883.7,1745.8,1219.4,0.1,3,862.1
"313","Galium",958.7,1156.5,1057.6,0.1,2,197.8
"314","Heracleum.sphondylium.L.",702.9,1314.3,1075.64285714286,1.37142857142857,7,611.4
"315","Luzula",1156.5,1156.5,1156.5,0.1,1,0
"316","Stellaria.graminea.L.",1067.5,1406.3,1202.24285714286,0.214285714285714,7,338.8
"317","Carex.leporina.L.",953.2,1623,1318.44,2.04,5,669.8
"318","Chaerophyllum.hirsutum.L.",919.5,1709.2,1327.74,13.5,5,789.7
"319","Cirsium.palustre..L...Scop.",1109.6,1367.5,1238.55,0.8,2,257.9
"320","Convallaria.majalis.L.",780.5,780.5,780.5,7,1,0
"321","Salvia.glutinosa.L.",602.4,977.2,802.476923076923,2.58461538461538,13,374.8
"322","Zea.mays.L.",549.1,549.1,549.1,0.1,1,0
"323","Carduus.defloratus.L.",746,2363.9,1721.71276595745,1.52234042553191,94,1617.9
"324","Rosa.pendulina.L.",1113.1,2048.3,1699.7375,1.4125,8,935.2
"325","Centaurea.jacea.subsp..angustifolia.Gremli",754.3,754.3,754.3,2,1,0
"326","Hypochaeris.radicata.L.",754.3,1802.9,1162.8375,0.725,8,1048.6
"327","Medicago.minima..L...L.",754.3,1141.3,947.8,0.1,2,387
"328","Rosa",621,1446.9,1025.9,0.9,4,825.9
"329","Festuca.arundinacea.Schreb.",684.1,1793.7,1148.70833333333,4.95,12,1109.6
"330","Cuscuta",689,689,689,0.1,1,0
"331","Populus.alba.L.",650.6,650.6,650.6,0.5,1,0
"332","Pulsatilla.montana..Hoppe..Rchb.",650.6,692.2,671.4,1.5,2,41.6
"333","Abies.alba.Mill.",1027.8,1538.9,1248.15555555556,7.04444444444444,9,511.1
"334","Knautia.dipsacifolia.Kreutzer",1058.2,1963.2,1438.81304347826,1.57826086956522,23,905
"335","Primula.elatior..L...L.",1058.2,2003.6,1596.67333333333,0.626666666666667,15,945.4
"336","Ranunculus.acris.L..subsp..acris",1058.2,1058.2,1058.2,0.1,1,0
"337","Veratrum.album.L.",1058.2,2003.1,1712.78461538462,1.05384615384615,13,944.9
"338","Alchemilla.glabra.aggr.",1080.6,1898.6,1634.61428571429,1.01428571428571,7,818
"339","Leontodon.helveticus.Mérat",1080.6,2481.2,1974.28571428571,0.876190476190476,21,1400.6
"340","Crocus.albiflorus.Kit.",1406.3,2003.1,1857.62222222222,0.316666666666667,18,596.8
"341","Epilobium.collinum.C..C..Gmel.",1056.3,1745.8,1286.13333333333,0.233333333333333,3,689.5
"342","Cruciata",923,923,923,0.1,1,0
"343","Lapsana.communis.L.",664.1,1360,982.366666666667,0.233333333333333,3,695.9
"344","Thesium.alpinum.L.",923,2317.4,1929.51,0.14,40,1394.4
"345","X.",923,988.4,955.7,0.1,2,65.4
"346","Silene.nutans.L.",672.7,1952.4,1243.86,0.22,10,1279.7
"347","Stachys",958.7,958.7,958.7,0.5,1,0
"348","Carex",919.5,1397.1,1158.3,7.75,2,477.6
"349","Carex.vesicaria.L.",919.5,919.5,919.5,20,1,0
"350","Cirsium.oleraceum..L...Scop.",919.5,1314.3,1062.33333333333,1.53333333333333,3,394.8
"351","Ranunculus.ficaria.L.",919.5,919.5,919.5,0.1,1,0
"352","Senecio.alpinus..L...Scop.",919.5,2114.9,1616.8625,2.45,8,1195.4
"353","Allium.oleraceum.L.",672.7,1107.8,897.575,0.2,4,435.1
"354","Arctium.minus.Bernh.",926.1,926.1,926.1,1,1,0
"355","Falcaria.vulgaris.Bernh.",926.1,926.1,926.1,0.1,1,0
"356","Poa",926.1,926.1,926.1,1,1,0
"357","Veronica.teucrium.L.",926.1,1402.9,1242.03333333333,1.86666666666667,3,476.8
"358","Moehringia.muscosa.L.",1026.5,1640,1195.41666666667,0.65,6,613.5
"359","Eupatorium.cannabinum.L.",715.1,1132.7,962.933333333333,2.35,6,417.6
"360","Platanthera.bifolia..L...Rich.",874.9,1436.8,1039.04,0.28,5,561.9
"361","Ajuga.genevensis.L.",1039.3,1997.2,1619.28571428571,0.271428571428571,7,957.9
"362","Artemisia.campestris.aggr.",1141.3,1141.3,1141.3,0.5,1,0
"363","Stachys.recta.L.",888.7,1141.3,1015,0.3,2,252.6
"364","Echium.vulgare.L.",698.2,1397.1,1103.58,0.98,10,698.9
"365","Medicago.falcata.L.",678.6,992.4,753.975,2.95625,16,313.8
"366","Pseudolysimachion.spicatum..L...Opiz",678.6,799.2,711.4,2.24,5,120.6
"367","Androsace.chamaejasme.Wulfen",1960.1,2438.6,2126.06724137931,0.386206896551724,58,478.5
"368","Antennaria.dioica..L...Gaertn.",1960.1,2352.9,2044.1380952381,1.18571428571429,21,392.8
"369","Anthyllis.vulneraria.L.",679.7,2481.2,2042.69603174603,2.89444444444444,126,1801.5
"370","Apiaceae",2000.5,2000.5,2000.5,0.1,1,0
"371","Aster.alpinus.L.",1938.2,2352.9,2088.16296296296,0.777777777777778,27,414.7
"372","Avenella.flexuosa..L...Drejer",2000.5,2000.9,2000.7,0.1,2,0.400000000000091
"373","Botrychium.lunaria..L...Sw.",1731.4,2281.8,2003.94285714286,0.214285714285714,14,550.4
"374","Carex.sempervirens.Vill.",719.2,2481.2,2039.9553030303,4.67878787878788,132,1762
"375","Galium.anisophyllon.Vill.",1379.9,2481.2,1987.6664,0.3536,125,1101.3
"376","Gentiana.acaulis.L.",1721.1,2330.2,1992.7,0.466666666666667,18,609.1
"377","Gentiana.bavarica.L.",2000.5,2030.1,2015.3,0.1,2,29.5999999999999
"378","Gentiana.verna.L.",988.4,2736.2,2032.26451612903,0.532258064516129,31,1747.8
"379","Helianthemum.alpestre..Jacq...DC.",719.2,2438.6,2085.09791666667,4.153125,96,1719.4
"380","Pedicularis.verticillata.L.",1960.1,2422.9,2067.3375,0.23125,16,462.8
"381","Plantago.atrata.Hoppe",995.6,2499.4,1954.8223880597,2.53507462686567,134,1503.8
"382","Polygala.alpestris.Rchb.",974.3,2302.8,1983.50487804878,0.160975609756098,41,1328.5
"383","Potentilla.aurea.L.",1227.7,2330.2,1926.51160714286,0.857142857142857,112,1102.5
"384","Potentilla.crantzii..Crantz..Fritsch",981.1,2736.2,1946.38472222222,0.791666666666667,72,1755.1
"385","Primula.farinosa.L.",1968,2361.9,2063.484,0.296,25,393.9
"386","Pulsatilla.vernalis..L...Mill.",1953.5,2427,2047.94864864865,0.610810810810811,37,473.5
"387","Saxifraga.paniculata.Mill.",1970,2481.2,2152.26333333333,0.42,30,511.2
"388","Selaginella.selaginoides..L...Schrank...Mart.",1848.2,2390.6,2094.39361702128,0.223404255319149,47,542.4
"389","Silene.acaulis..L...Jacq.",1938.2,2736.2,2136.41621621622,1.86756756756757,37,798
"390","Trifolium",2000.5,2000.5,2000.5,0.1,1,0
"391","Veronica.fruticans.Jacq.",1993.8,2061.3,2008.92,0.18,5,67.5000000000002
"392","Viola.calcarata.L.",1909.2,2458.6,2064.9756097561,0.158536585365854,41,549.4
"393","Anthoxanthum.alpinum.Á..Löve...D..Löve",1857.9,2219.8,2064.7,0.383333333333333,6,361.9
"394","Crepis.aurea..L...Cass.",1399.9,2390.6,1983.9984375,1.2734375,64,990.7
"395","Gentiana.orbicularis.Schur",1986.2,1986.2,1986.2,0.1,1,0
"396","Nardus.stricta.L.",995.6,2202.1,1941.92,15.98,40,1206.5
"397","Phleum.alpinum.aggr.",1360,2202.1,1904.7630952381,3.1452380952381,84,842.1
"398","Poa.alpina.L.",1386.9,2736.2,2037.52134831461,0.753932584269663,89,1349.3
"399","Ranunculus.montanus.aggr.",1318.5,2736.2,1966.42627118644,0.494067796610169,118,1417.7
"400","Trifolium.badium.Schreb.",1431.7,2427,2039.08113207547,0.826415094339623,53,995.3
"401","Festuca.rupicaprina..Hack...A..Kern.",1985.1,2736.2,2193.85,0.6,8,751.1
"402","Geum.montanum.L.",1623,2390.6,2038.7325,1.8975,40,767.6
"403","Homogyne.alpina..L...Cass.",1379.9,2427,1933.04523809524,1.44761904761905,84,1047.1
"404","Nigritella.rhellicani.aggr.",1977.2,2176.9,2021.16,0.1,10,199.7
"405","Phyteuma.orbiculare.L.",1107.8,2427,1893.80714285714,0.264285714285714,70,1319.2
"406","Polygonum.viviparum.L.",1406.7,2736.2,1984.36129032258,0.434408602150538,93,1329.5
"407","Potentilla.pusilla.Host",662.8,1993.8,1130.68636363636,2.20909090909091,22,1331
"408","Salix.retusa.L.",1881.4,2499.4,2165.3,4.10222222222222,45,618
"409","Trollius.europaeus.L.",1538.9,2317.4,1889.12162162162,1.56756756756757,37,778.5
"410","Vaccinium.vitis.idaea.L.",1379.9,2269.3,1896.14523809524,4.57857142857143,42,889.4
"411","Anemone.narcissiflora.L.",1975.7,2133,2020.94615384615,0.284615384615385,13,157.3
"412","Aster.bellidiastrum..L...Scop.",1403.2,2427,2043.27012987013,1.01558441558442,77,1023.8
"413","Bartsia.alpina.L.",1961.6,2427,2182.13043478261,0.347826086956522,23,465.4
"414","Dryas.octopetala.L.",1898.6,2427,2167.314,11.278,50,528.4
"415","Festuca",2000.9,2138.2,2069.55,3,2,137.3
"416","Helictotrichon.versicolor..Vill...Pilg.",1994.5,2317.4,2086.9,1.65,4,322.9
"417","Leucanthemum.adustum..W..D..J..Koch..Gremli",1538.9,2176.9,1930.075,0.8,4,638
"418","Primula.auricula.L.",1953.5,2422.9,2158.78823529412,1.25882352941176,34,469.4
"419","Scabiosa.lucida.Vill.",1337.7,2481.2,2047.44307692308,0.827692307692308,65,1143.5
"420","Soldanella.alpina.L.",1304,2427,1979.6880733945,0.377064220183486,109,1123
"421","Vaccinium.myrtillus.L.",1158.6,2361.9,1798.71081081081,5.5027027027027,37,1203.3
"422","Agrostis.alpina.Scop.",1900.6,2481.2,2129.39393939394,3.41666666666667,66,580.6
"423","Prunus",614.1,1994.5,1030.75,0.1,4,1380.4
"424","Trifolium.thalii.Vill.",1994.5,2202.1,2062.075,0.1,4,207.6
"425","Geranium.pratense.L.",1227.7,1669.7,1527.1,2.875,4,442
"426","Calamagrostis.villosa..Chaix..J..F..Gmel.",1304,1304,1304,0.1,1,0
"427","Luzula.sylvatica.aggr.",1281.5,2003.6,1637.96296296296,3.86296296296296,27,722.1
"428","Polygonatum.verticillatum..L...All.",1088.7,1575.5,1377.65384615385,2.1,13,486.8
"429","Thalictrum.aquilegiifolium.L.",1304,1304,1304,0.1,1,0
"430","Valeriana.officinalis.aggr.",1304,1581.9,1453.94,1.62,5,277.9
"431","Alchemilla.alpina.aggr.",1586.1,1586.1,1586.1,4,1,0
"432","Cerastium",1586.1,1586.1,1586.1,0.1,1,0
"433","Sagina.saginoides..L...H..Karst.",1586.1,1989.9,1808.83333333333,0.166666666666667,6,403.8
"434","Barbarea.vulgaris.R..Br.",1442.4,1442.4,1442.4,0.5,1,0
"435","Chenopodium.bonus.henricus.L.",1442.4,1442.4,1442.4,0.5,1,0
"436","Cirsium",1442.4,1442.4,1442.4,0.1,1,0
"437","Geranium.pyrenaicum.Burm..f.",1442.4,1442.4,1442.4,0.1,1,0
"438","Rumex.alpinus.L.",1314.3,1939.9,1650.85714285714,10.2285714285714,7,625.6
"439","Epilobium.montanum.L.",1314.3,1314.3,1314.3,0.5,1,0
"440","Geum.rivale.L.",1314.3,1733.4,1502.86666666667,2.03333333333333,6,419.1
"441","Luzula.pilosa..L...Willd.",1314.3,1314.3,1314.3,5,1,0
"442","Myosotis.arvensis.Hill",1314.3,1314.3,1314.3,0.1,1,0
"443","Rumex.alpestris.Jacq.",1314.3,2114.9,1756.19090909091,3.12272727272727,22,800.6
"444","Gymnadenia.conopsea..L...R..Br.",1107.8,1107.8,1107.8,0.1,1,0
"445","Fallopia.convolvulus..L...Á..Löve",953.2,953.2,953.2,0.1,1,0
"446","Geranium.rotundifolium.L.",614.1,953.2,746.666666666667,0.1,3,339.1
"447","Impatiens.noli.tangere.L.",953.2,953.2,953.2,0.1,1,0
"448","Polygonum.aviculare.L.",953.2,953.2,953.2,0.1,1,0
"449","Polygonum.persicaria.L.",953.2,953.2,953.2,0.1,1,0
"450","Salix.herbacea.L.",1989.9,2330.2,2096.95,1.975,8,340.3
"451","Arnica.montana.L.",1605.5,2003.2,1804.35,2.05,2,397.7
"452","Carex.atrata.L.",2003.2,2003.2,2003.2,0.1,1,0
"453","Ligusticum.mutellinoides.Vill.",1985.1,2736.2,2113.45,0.314285714285714,14,751.1
"454","Veronica.aphylla.L.",1963.2,2736.2,2214.41363636364,0.118181818181818,22,773
"455","Arenaria.ciliata.aggr.",1745.8,2390.6,2088.2375,0.125,16,644.8
"456","Daphne.striata.Tratt.",1689.1,2352.9,2080.27777777778,1.10555555555556,54,663.8
"457","Festuca.quadriflora.Honck.",1878.8,2736.2,2205.07868852459,3.9327868852459,61,857.4
"458","Myosotis.sylvatica.aggr.",672.7,2043.6,1739.68333333333,0.483333333333333,6,1370.9
"459","Carex.capillaris.L.",1985.1,1985.1,1985.1,0.1,1,0
"460","Primula.integrifolia.L.",1985.1,2427,2167.68,0.646666666666667,15,441.9
"461","Rhododendron.ferrugineum.L.",1879.9,2044.1,1985.6,4.025,4,164.2
"462","Dactylorhiza.maculata..L...Soó",1520,1588,1554,0.1,2,68
"463","Hieracium.lachenalii.C..C..Gmel.",1538.9,2003.6,1735.73333333333,2.4,3,464.7
"464","Ajuga.pyramidalis.L.",1581.6,2115.2,1854.94,0.26,5,533.6
"465","Globularia.nudicaulis.L.",1581.6,2348.5,2024.30344827586,6.6448275862069,29,766.9
"466","Valeriana.montana.L.",1327.4,2233.3,1858.26551724138,0.982758620689655,29,905.9
"467","Carlina.vulgaris.aggr.",981.1,2041,1471.28571428571,0.4,7,1059.9
"468","Erigeron.alpinus.L.",1900.6,2115.2,2017.625,0.15,8,214.6
"469","Gentiana.clusii.E..P..Perrier...Songeon",1470.1,2427,2116.93770491803,0.778688524590164,61,956.9
"470","Hieracium.villosum.aggr.",1711.6,2481.2,2120.39459459459,0.313513513513514,37,769.6
"471","Thalictrum.minus.L.",1494.8,1960.1,1670.2,1.36666666666667,3,465.3
"472","Phleum.rhaeticum..Humphries..Rauschert",1581.6,1977.2,1721.12,1.4,5,395.6
"473","Festuca.violacea.aggr.",1860.6,2499.4,2111.275,0.675,4,638.8
"474","Rumex",1406.3,1406.3,1406.3,0.5,1,0
"475","Sedum.sexangulare.L.",1406.3,1406.3,1406.3,0.1,1,0
"476","Viola.tricolor.L.",1406.3,1406.3,1406.3,1,1,0
"477","Centaurea.montana.L.",1403.2,1869.4,1629.41428571429,0.657142857142857,7,466.2
"478","Phyteuma.betonicifolium.Vill.",1391.5,1558.6,1475.05,0.5,2,167.1
"479","Cardamine.pratensis.aggr.",1320.5,1397.2,1361.73333333333,0.1,3,76.7
"480","Equisetum.arvense.L.",1367.5,1367.5,1367.5,1,1,0
"481","Stachys.sylvatica.L.",1367.5,1367.5,1367.5,0.5,1,0
"482","Campanula.barbata.L.",1848.2,2317.4,2110.16666666667,0.7,6,469.2
"483","Alchemilla.fissa.aggr.",1997.2,2330.2,2147,0.233333333333333,6,333
"484","Polygonum.bistorta.L.",1997.2,1997.2,1997.2,2,1,0
"485","Pulsatilla.alpina..L...Delarbre",1969.6,2249.4,2071.88571428571,1.18571428571429,7,279.8
"486","Rhinanthus.glacialis.Personnat",1997.2,2184.4,2085.15555555556,0.277777777777778,9,187.2
"487","Rhododendron..intermedium.Wender.",1997.2,1997.2,1997.2,6,1,0
"488","Bromus.sterilis.L.",883.7,883.7,883.7,30,1,0
"489","Lamium.album.L.",883.7,883.7,883.7,0.1,1,0
"490","Sonchus.arvensis.L.",883.7,883.7,883.7,0.1,1,0
"491","Tamus.communis.L.",621,883.7,752.35,0.55,2,262.7
"492","Thlaspi.perfoliatum.L.",883.7,883.7,883.7,0.1,1,0
"493","Verbascum",Inf,-Inf,NA,NA,0,-Inf
"494","Capsella.bursa.pastoris..L...Medik.",883.7,883.7,883.7,2,1,0
"495","Geranium.pusillum.L.",883.7,883.7,883.7,0.1,1,0
"496","Parietaria.officinalis.L.",883.7,883.7,883.7,6,1,0
"497","Stellaria.media..L...Vill.",883.7,883.7,883.7,0.1,1,0
"498","Veronica.persica.Poir.",883.7,883.7,883.7,0.5,1,0
"499","Carex.ericetorum.Pollich",1205.4,1993.8,1722.825,0.3,4,788.4
"500","Minuartia.verna..L...Hiern",1993.8,2736.2,2240.625,0.30625,16,742.4
"501","Erigeron.alpinus.aggr.",1938.2,2736.2,2190.96,0.95,10,798
"502","Alchemilla.conjuncta.Bab.",1605.5,1605.5,1605.5,1,1,0
"503","Euphrasia.rostkoviana.Hayne",684.1,1851.5,1302.34545454545,0.5,11,1167.4
"504","Acer",974.3,974.3,974.3,0.1,1,0
"505","Salvia.officinalis.L.",974.3,974.3,974.3,6,1,0
"506","Cichorium.intybus.L.",679.7,696,688.85,2.08333333333333,6,16.3
"507","Picris.hieracioides.L.",684.1,975.3,747.3,0.36,5,291.2
"508","Centaurium.erythraea.Rafn",981.1,1010.5,992.675,0.1,4,29.4
"509","Gentiana.germanica.Willd.",689,982.9,884.333333333333,0.1,3,293.9
"510","Koeleria.pyramidata..Lam...P..Beauv.",679.7,698.2,688.9,1.33333333333333,3,18.5
"511","Onobrychis.viciifolia.Scop.",679.7,692.2,685.95,0.55,2,12.5
"512","Seseli.annuum.L.",678.6,698.2,687.425,0.3,4,19.6
"513","Pastinaca.sativa.L.",684.1,709.6,696.85,0.5,2,25.5
"514","Allium.carinatum.L.",680.9,1409.8,891.56,0.26,5,728.9
"515","Setaria.viridis..L...P..Beauv.",671.6,671.6,671.6,0.1,1,0
"516","Odontites.luteus..L...Clairv.",678.6,990.8,834.7,0.5,2,312.2
"517","Viola.rupestris.F..W..Schmidt",982.9,990.8,986.85,0.1,2,7.89999999999998
"518","Viola.pyrenaica.DC.",888.2,986,937.1,0.1,2,97.8
"519","Thesium.linophyllon.L.",678.6,684.1,681.35,0.5,2,5.5
"520","Seseli.pallasii.Besser",734.4,734.4,734.4,0.1,1,0
"521","Alchemilla.conjuncta.superaggr.",1205.4,2499.4,1943.00508474576,9.33898305084746,118,1294
"522","Cirsium.vulgare..Savi..Ten.",1326.6,1550,1423.45,0.3,4,223.4
"523","Gentiana.lutea.L.",1581.6,2003.6,1829.2,0.34,5,422
"524","Peucedanum.ostruthium..L...W..D..J..Koch",1581.6,2003.6,1792.6,12.75,2,422
"525","Phleum.alpinum.L.",1669.9,2003.6,1836.75,0.3,2,333.7
"526","Chaerophyllum.villarsii.W..D..J..Koch",1581.6,1607.3,1594.45,1,2,25.7
"527","Crepis.pyrenaica..L...Greuter",1391.1,1733.4,1520.5,3.1,6,342.3
"528","Gnaphalium.sylvaticum.L.",1581.6,1581.6,1581.6,0.1,1,0
"529","Rosa.arvensis.Huds.",1281.5,1581.6,1431.55,1.75,2,300.1
"530","Sorbus.chamaemespilus..L...Crantz",1581.6,2044.1,1864.45,1.85,6,462.5
"531","Tussilago.farfara.L.",1709.1,1802.9,1740.4,1.86666666666667,3,93.8000000000002
"532","Festuca.ovina.superaggr.",1594.7,1594.7,1594.7,0.1,1,0
"533","Crepis.alpestris..Jacq...Tausch",1716.4,1968.1,1842.25,0.3,2,251.7
"534","Helictotrichon.pratense.aggr.",1716.4,2202.1,1986.5,0.4,3,485.7
"535","Luzula.multiflora..Ehrh...Lej.",1716.4,1716.4,1716.4,0.1,1,0
"536","Ranunculus.montanus.Willd.",1397.2,2269.3,1915.76923076923,0.930769230769231,13,872.1
"537","Tragopogon.pratensis.L.",1318.5,1588,1407.94,0.26,5,269.5
"538","Paris.quadrifolia.L.",1057.1,1360,1170.675,0.9,4,302.9
"539","Polytrichum.longisetum.Brid.",1088.7,1088.7,1088.7,0.1,1,0
"540","Prenanthes.purpurea.L.",715.1,1515,1119.35,1.125,4,799.9
"541","Ribes.alpinum.L.",1088.7,1360,1224.35,0.5,2,271.3
"542","Dryopteris.filix.mas..L...Schott",1052.3,1575.5,1273.88,1.92,5,523.2
"543","Phyteuma.spicatum.L.",1052.3,1332.4,1226.96666666667,0.4,3,280.1
"544","Valeriana.tripteris.L.",893.7,1399.6,1206.38333333333,0.5,6,505.9
"545","Digitalis.grandiflora.Mill.",1733.4,1733.4,1733.4,1,1,0
"546","Pulsatilla.alpina..L...Delarbre.subsp..alpina",1733.4,1733.4,1733.4,0.1,1,0
"547","Carex.ferruginea.Scop.",1664.7,2220.5,1972.83333333333,0.1,3,555.8
"548","Poa.supina.Schrad.",1669.9,2211.6,1876.29333333333,11.6,15,541.7
"549","Daphne.mezereum.L.",1132.7,2177,1684.9,0.627272727272727,11,1044.3
"550","Luzula.luzulina..Vill...Dalla.Torre...Sarnth.",1832,1832,1832,0.1,1,0
"551","Poa.chaixii.Vill.",1431.7,1887.6,1717.1,0.366666666666667,3,455.9
"552","Campanula.cochleariifolia.Lam.",1802.9,2560.4,2271.06153846154,0.515384615384615,13,757.5
"553","Poa.annua.L.",1802.9,1802.9,1802.9,1.5,1,0
"554","Pseudorchis.albida..L...Á..Löve...D..Löve",1731.4,1975.7,1853.55,0.1,2,244.3
"555","Lamium.maculatum..L...L.",1431.7,1709.2,1570.45,1.5,2,277.5
"556","Acinos.arvensis..Lam...Dandy",1413.9,1413.9,1413.9,0.5,1,0
"557","Thymus.pulegioides.subsp..carniolicus..Borbás..P..A..Schmidt",1413.9,1413.9,1413.9,2,1,0
"558","Angelica.sylvestris.L.",1494.8,1494.8,1494.8,0.1,1,0
"559","Carlina.acaulis.subsp..caulescens..Lam...Schübl....G..Martens",1494.8,1494.8,1494.8,2,1,0
"560","Lonicera.nigra.L.",1360,1460.3,1409.66666666667,6.5,3,100.3
"561","Asplenium.viride.Huds.",1332.4,2458.6,2113.48,0.26,5,1126.2
"562","Milium.effusum.L.",1281.5,1281.5,1281.5,0.1,1,0
"563","Elymus.caninus..L...L.",1132.7,1132.7,1132.7,4,1,0
"564","Petasites.albus..L...Gaertn.",1132.7,1575.5,1351.275,4.125,4,442.8
"565","Stachys.alpina.L.",1457.2,1457.2,1457.2,0.5,1,0
"566","Dryopteris.affinis..Lowe..Fraser.Jenk.",1360,1360,1360,5,1,0
"567","Epilobium.alpestre..Jacq...Krock.",1744,1744,1744,2.5,1,0
"568","Lamium.purpureum.L.",1742,1744,1743,4.55,2,2
"569","Adenostyles.alliariae..Gouan..A..Kern.",1399.6,1736.7,1568.15,5,2,337.1
"570","Myosotis.alpestris.F..W..Schmidt",1694,2736.2,2139.66,0.132,25,1042.2
"571","Cerastium.arvense.L.",1858.7,2254.7,2057.23846153846,0.130769230769231,13,396
"572","Oxytropis.jacquinii.Bunge",2071.1,2481.2,2219.17,0.36,10,410.1
"573","Carex.atrata.aggr.",2009.4,2188.7,2061.05,1.3625,8,179.3
"574","Dianthus.superbus.L.",1858.7,2188.7,2030.33333333333,0.4,3,330
"575","Euphrasia.minima.Schleich.",1851.5,2736.2,2122.78928571429,0.271428571428571,28,884.7
"576","Gentiana.nivalis.L.",1989.9,2219.8,2084.43333333333,0.1,3,229.9
"577","Ligusticum.mutellina..L...Crantz",1205.4,2330.2,2046.26,0.252,25,1124.8
"578","Salix.reticulata.L.",1975.7,2254.9,2106,1.06363636363636,11,279.2
"579","Cirsium.spinosissimum..L...Scop.",1397.1,2499.4,2135.65454545455,2.04090909090909,22,1102.3
"580","Euphrasia.stricta.J..F..Lehm.",1989.9,2188.7,2118.53333333333,0.1,3,198.8
"581","Parnassia.palustris.L.",1989.9,2302.8,2116.12222222222,0.144444444444444,9,312.9
"582","Aconitum.napellus.L.",1581.9,2233.3,1996.34666666667,1.47333333333333,15,651.4
"583","Vaccinium.uliginosum.aggr.",1848.2,2254.9,2005.675,5.3,16,406.7
"584","Geranium",1748.3,1748.3,1748.3,0.1,1,0
"585","Laserpitium.latifolium.L.",1205.4,1997.2,1581.36470588235,0.858823529411765,17,791.8
"586","Melampyrum.pratense.L.",746,1053.5,891.466666666667,0.733333333333333,3,307.5
"587","Gymnocarpium.dryopteris..L...Newman",1460.3,1460.3,1460.3,0.1,1,0
"588","Hieracium.prenanthoides.aggr.",1460.3,1460.3,1460.3,0.1,1,0
"589","Castanea.sativa.Mill.",1050.8,1050.8,1050.8,0.1,1,0
"590","Polygala",1745.9,1745.9,1745.9,0.1,1,0
"591","Carex.mucronata.All.",2020.2,2736.2,2228.35384615385,1.86923076923077,13,716
"592","Chamorchis.alpina..L...Rich.",2034.8,2205.1,2119.95,0.1,2,170.3
"593","Loiseleuria.procumbens..L...Desv.",2034.8,2038.4,2036.6,1,2,3.60000000000014
"594","Onobrychis.montana.DC.",2034.8,2249.4,2142.1,0.3,2,214.6
"595","Astragalus.australis..L...Lam.",2143.1,2249.4,2190.14,0.74,5,106.3
"596","Euphrasia.salisburgensis.Hoppe",1436.8,2499.4,2134.32173913043,0.347826086956522,69,1062.6
"597","Senecio.doronicum..L...L.",1951,2348.5,2106.53888888889,0.222222222222222,18,397.5
"598","Prunus.spinosa.L.",888.2,888.2,888.2,12,1,0
"599","Quercus.robur.L.",630.7,888.2,741.566666666667,41.8333333333333,3,257.5
"600","Myosotis.scorpioides.aggr.",1745.8,1745.8,1745.8,0.5,1,0
"601","Gentiana.purpurea.L.",1848.2,2202.1,1944.6,1.4,4,353.9
"602","Pyrola.minor.L.",2074.4,2202.1,2138.25,0.3,2,127.7
"603","Festuca.filiformis.Pourr.",2177,2177,2177,0.5,1,0
"604","Saxifraga.rotundifolia.L.",1520,2177,1938.775,0.525,4,657
"605","Asplenium.ruta.muraria.L.",893.7,2084,1252.34,0.1,5,1190.3
"606","Leontodon.incanus..L...Schrank",662.8,1997.2,1315.43333333333,2.06666666666667,3,1334.4
"607","Achnatherum.calamagrostis..L...P..Beauv.",725.4,1860.6,1284.44285714286,7.65714285714286,7,1135.2
"608","Erigeron.acris.L.",725.4,725.4,725.4,0.1,1,0
"609","Senecio.abrotanifolius.L.",1973.8,2115.2,2027.83333333333,1.75,6,141.4
"610","Orthilia.secunda..L...House",912,912,912,0.5,1,0
"611","Galium.rubrum.aggr.",746,905.9,825.95,0.3,2,159.9
"612","Cerastium.arvense.subsp..strictum..W..D..J..Koch..Schinz...R..Keller",1857.9,1857.9,1857.9,0.1,1,0
"613","Thalictrum.minus.subsp..saxatile.Ces.",1750,1750,1750,0.1,1,0
"614","Phleum.hirsutum.Honck.",1670.3,2233.3,1997.35454545455,0.890909090909091,22,563
"615","Draba.aizoides.L.",2090.8,2254.7,2174.26666666667,0.166666666666667,6,163.9
"616","Poa.badensis.aggr.",1286.3,2090.8,1688.55,0.3,2,804.5
"617","Juniperus.communis.subsp..alpina.Čelak.",1968.1,1968.1,1968.1,5,1,0
"618","Vaccinium.gaultherioides.Bigelow",1968.1,1968.1,1968.1,1,1,0
"619","Sempervivum.tectorum.L.",1873,2348.5,2102.14,0.446666666666667,15,475.5
"620","Sedum.album.L.",1286.3,1887.6,1586.95,1.05,2,601.3
"621","Biscutella.laevigata.L.",1873,2184.4,2064.28,0.22,10,311.4
"622","Leontodon.incanus..L...Schrank.subsp..incanus",2026.8,2026.8,2026.8,1,1,0
"623","Saxifraga.caesia.L.",2026.8,2351.3,2227.56,0.44,5,324.5
"624","Rhododendron.hirsutum.L.",1898.6,2080.8,2019.88,2.3,5,182.2
"625","Carex.firma.Host",1909.2,2381.7,2201.03703703704,4.09259259259259,27,472.5
"626","Carex.ornithopodioides.Hausm.",2044.1,2125.8,2084.95,0.55,2,81.7000000000003
"627","Erigeron.neglectus.A..Kern.",2125.8,2352.9,2203.43333333333,1.66666666666667,3,227.1
"628","Leontodon.montanus.Lam.",2121.6,2499.4,2364.74,0.62,5,377.8
"629","Pinus.mugo.Turra",2079.7,2115.5,2093.775,6.775,4,35.8000000000002
"630","Arctostaphylos.uva.ursi..L...Spreng.",2115.5,2176.2,2145.85,23,2,60.6999999999998
"631","Gymnadenia.odoratissima..L...Rich.",1711.6,1711.6,1711.6,0.1,1,0
"632","Carex.parviflora.Host",2044.1,2736.2,2290.86,0.96,5,692.1
"633","Leucanthemopsis.alpina..L...Heywood",2736.2,2736.2,2736.2,0.1,1,0
"634","Salix.serpillifolia.Scop.",2352.9,2736.2,2509.23333333333,7.66666666666667,3,383.3
"635","Saxifraga.exarata.subsp..moschata..Wulfen..Cavill.",2736.2,2736.2,2736.2,0.5,1,0
"636","Saxifraga.oppositifolia.L.",2206.5,2736.2,2412.52222222222,0.988888888888889,9,529.7
"637","Sedum.atratum.L.",1989,2736.2,2196.31818181818,0.1,11,747.2
"638","Sibbaldia.procumbens.L.",2219.8,2736.2,2478,0.55,2,516.4
"639","Cerastium.latifolium.L.",2346.4,2560.4,2450.425,0.825,4,214
"640","Galium.megalospermum.All.",2033.3,2560.4,2286.21111111111,0.311111111111111,9,527.1
"641","Poa.minor.Gaudin",2206.5,2560.4,2340.53333333333,0.233333333333333,3,353.9
"642","Thlaspi.rotundifolium..L...Gaudin",2231.9,2560.4,2396.28571428571,0.214285714285714,7,328.5
"643","Trisetum.distichophyllum..Vill...P..Beauv.",2071.1,2560.4,2321.63333333333,0.988888888888889,9,489.3
"644","Athamanta.cretensis.L.",2013.1,2352.9,2190.5,0.2,4,339.8
"645","Erigeron.glabratus.Bluff...Fingerh.",2176.2,2176.2,2176.2,1,1,0
"646","Kernera.saxatilis..L...Sweet",2176.2,2183.4,2179.8,0.1,2,7.20000000000027
"647","Arctostaphylos.alpina..L...Spreng.",2205.1,2205.1,2205.1,7,1,0
"648","Saxifraga.aizoides.L.",2205.1,2499.4,2329.89,0.45,10,294.3
"649","Gentiana.aspera.Hegetschw.",2144.4,2261.5,2190.775,0.2,4,117.1
"650","Gypsophila.repens.L.",2143.1,2261.5,2202.3,0.3,2,118.4
"651","Leontodon.hispidus.subsp..hyoseroides..Rchb...Murr",2261.5,2261.5,2261.5,0.1,1,0
"652","Leucanthemum.halleri..Vitman..Ducommun",2261.5,2390.6,2332.83333333333,0.533333333333333,3,129.1
"653","Ranunculus.alpestris.L.",2171.2,2499.4,2303.22857142857,0.457142857142857,14,328.2
"654","Antennaria.carpatica..Wahlenb...Bluff...Fingerh.",2269.3,2427,2348.15,0.3,2,157.7
"655","Hedysarum.hedysaroides..L...Schinz...Thell.",2254.9,2427,2351.9,0.2,4,172.1
"656","Hieracium.bifidum.aggr.",2244.1,2427,2335.55,0.1,2,182.9
"657","Epilobium.angustifolium.L.",2033.3,2033.3,2033.3,0.1,1,0
"658","Festuca.pulchella.Schrad.",1879.9,2221.3,2069.4,1.75,4,341.4
"659","Arenaria.ciliata.L.",1978.7,2183.4,2088.575,0.1,4,204.7
"660","Veronica.fruticulosa.L.",2172.8,2219.8,2196.3,0.1,2,47
"661","Hieracium.villosum.Jacq.",2184.4,2184.4,2184.4,0.5,1,0
"662","Tofieldia.calyculata..L...Wahlenb.",2074.4,2361.9,2188.575,0.2,4,287.5
"663","Taraxacum.alpinum.aggr.",2211.6,2211.6,2211.6,0.5,1,0
"664","Epilobium",2030.1,2030.1,2030.1,0.1,1,0
"665","Sagina",2030.1,2030.1,2030.1,0.5,1,0
"666","Salix.hastata.L.",2071.7,2071.7,2071.7,3,1,0
"667","Ranunculus",1470.1,1470.1,1470.1,0.1,1,0
"668","Achillea.atrata.L.",2206.5,2499.4,2358.5,0.2,4,292.9
"669","Arabis.alpina.L.",1887.6,2346.4,2147.55,0.166666666666667,6,458.8
"670","Cystopteris.alpina..Lam...Desv.",2221.3,2233.3,2227.3,0.1,2,12
"671","Doronicum.grandiflorum.Lam.",2221.3,2346.4,2270.7,0.2,4,125.1
"672","Festuca.alpina.Suter",2221.3,2499.4,2360.35,0.3,2,278.1
"673","Saxifraga.exarata.Vill.",1989,2346.4,2196.18333333333,0.616666666666667,6,357.4
"674","Linaria.alpina..L...Mill.",2231.9,2254.7,2243.3,1,2,22.7999999999997
"675","Moehringia.ciliata..Scop...Dalla.Torre",1887.6,2499.4,2293.725,1.95,8,611.8
"676","Silene.vulgaris.subsp..glareosa..Jord...Marsden.Jones...Turrill",1648.8,2281.8,2104.65,2.375,4,633
"677","Pedicularis",2346.4,2346.4,2346.4,0.1,1,0
"678","Pritzelago.alpina..L...Kuntze",2346.4,2346.4,2346.4,0.1,1,0
"679","Agrostis.rupestris.All.",2499.4,2499.4,2499.4,0.1,1,0
"680","Linum.alpinum.Jacq.",2281.8,2281.8,2281.8,0.1,1,0
"681","Myosotis",1410.4,1410.4,1410.4,0.1,1,0
"682","Euphrasia.hirtella.Reut.",1961.6,2038.4,2011.475,0.2,4,76.8000000000002
"683","Rhinanthus",1977.8,1977.8,1977.8,0.5,1,0
"684","Poa.cenisia.All.",2481.2,2481.2,2481.2,0.1,1,0
"685","Minuartia.sedoides..L...Hiern",2330.2,2438.6,2384.4,0.55,2,108.4
"686","Goodyera.repens..L...R..Br.",1146.9,1146.9,1146.9,1.5,1,0
"687","Campanula.rapunculoides.L.",974.1,974.1,974.1,0.5,1,0
"688","Atropa.bella.donna.L.",1326.6,1326.6,1326.6,1,1,0
"689","Polystichum.aculeatum..L...Roth",1326.6,1326.6,1326.6,0.5,1,0
"690","Thesium.rostratum.Mert....W..D..J..Koch",1221.8,1221.8,1221.8,0.1,1,0
"691","Acer.opalus.Mill.",1399.9,1515,1457.45,1.05,2,115.1
"692","Aconitum.lycoctonum.L.",1515,1515,1515,0.5,1,0
"693","Phyteuma.ovatum.Honck.",1431.7,1515,1473.35,0.3,2,83.3
"694","Calluna.vulgaris..L...Hull",1953.5,1996.4,1974.95,12,2,42.9000000000001
"695","Lolium.multiflorum.Lam.",630.7,630.7,630.7,0.1,1,0
"696","Sanicula.europaea.L.",630.7,630.7,630.7,0.1,1,0
"697","Cotoneaster",705.8,705.8,705.8,0.5,1,0
"698","Arenaria",2094.8,2094.8,2094.8,0.1,1,0
"699","Betula.pendula.aggr.",617.8,617.8,617.8,5,1,0
"700","Cystopteris.fragilis..L...Bernh.",1887.6,1887.6,1887.6,0.1,1,0
"701","Polystichum.lonchitis..L...Roth",1887.6,1887.6,1887.6,1,1,0
"702","Veronica.urticifolia.Jacq.",727.6,1728.4,1370.0625,0.65,8,1000.8
"703","Achillea.macrophylla.L.",1520,1520,1520,0.5,1,0
"704","Athyrium.filix.femina..L...Roth",1347.4,1520,1433.7,5.25,2,172.6
"705","Ranunculus.lanuginosus.L.",1520,1520,1520,1.5,1,0
"706","Lonicera.alpigena.L.",1399.6,1399.6,1399.6,1,1,0
"707","Aconitum.variegatum.L.",1431.7,1431.7,1431.7,0.5,1,0
"708","Alnus.glutinosa..L...Gaertn.",1350.1,1350.1,1350.1,5,1,0
"709","Polygala.amara.aggr.",1350.1,1350.1,1350.1,0.1,1,0
"710","Molinia.arundinacea.Schrank",1402.1,1402.1,1402.1,4,1,0
"711","Aquilegia.atrata.W..D..J..Koch",1640,1640,1640,0.1,1,0
"712","Thymus.alpestris..Čelak...A..Kern.",1878.8,1878.8,1878.8,3,1,0
"713","Plantago.alpina.L.",1968,1968,1968,1,1,0
"714","Sagina.procumbens.L.",1900.6,1900.6,1900.6,0.1,1,0
"715","Cotoneaster.integerrimus.Medik.",1952.4,1952.4,1952.4,1.5,1,0
"716","Hieracium.pilosum.Froel.",1873,1873,1873,0.5,1,0
"717","Rhamnus.cathartica.L.",715.1,715.1,715.1,0.1,1,0
"718","Soldanella.pusilla.Baumg.",1989,1989,1989,0.1,1,0
"719","Gymnocarpium.robertianum..Hoffm...Newman",1391.6,1687.5,1539.55,5.75,2,295.9
"720","Petasites.paradoxus..Retz...Baumg.",1391.6,1687.5,1539.55,1.75,2,295.9
"721","Sambucus.racemosa.L.",1391.6,1391.6,1391.6,5,1,0
"722","Viola.mirabilis.L.",1391.6,1391.6,1391.6,0.5,1,0
"723","Salix.breviserrata.Flod.",2044.1,2044.1,2044.1,6,1,0
"724","Hypericum",1446.9,1446.9,1446.9,0.1,1,0
"725","Hieracium.glaucum.All.",1860.6,1860.6,1860.6,0.1,1,0
"726","Aster.amellus.L.",869.1,888.7,878.9,2.5,2,19.6
"727","Scabiosa.triandra.L.",869.1,888.7,876.666666666667,1.83333333333333,3,19.6
"728","Sonchus.oleraceus.L.",1347.4,1347.4,1347.4,1.5,1,0
"729","Calamintha.menthifolia.Host",1358.4,1358.4,1358.4,0.1,1,0
"730","Carex.rupestris.All.",2244.1,2302.8,2266.26666666667,1.5,3,58.7000000000003
"731","Huperzia.selago..L...Schrank...Mart.",1036.6,1036.6,1036.6,0.1,1,0
"732","Cephalanthera.damasonium..Mill...Druce",932.6,932.6,932.6,1,1,0
"733","Dryopteris",2458.6,2458.6,2458.6,0.1,1,0
"734","Carex.panicea.L.",1205.4,1205.4,1205.4,0.5,1,0
"735","Galium.saxatile.L.",1337.7,1337.7,1337.7,1,1,0
"736","Laserpitium.gaudinii.Moretti",1337.7,1337.7,1337.7,0.1,1,0
"737","Poa.compressa.L.",614.1,614.1,614.1,5,1,0
"738","Euphorbia.dulcis.L.",621,621,621,0.1,1,0
"739","Lathyrus.niger..L...Bernh.",621,621,621,0.1,1,0
"740","Populus.nigra.aggr.",621,621,621,0.5,1,0
"741","Bromus.hordeaceus.L.",672.7,672.7,672.7,0.1,1,0
"742","Campanula.patula.L.",672.7,672.7,672.7,1,1,0
